302-MX-1	equip	https://zwtnpyjifbdytlektxlc.supabase.co/storage/v1/object/public/loto-photos/302-MX-1/302-MX-1_equip_2026-04-20T17-29-17.jpg
302-MX-1	iso	https://zwtnpyjifbdytlektxlc.supabase.co/storage/v1/object/public/loto-photos/302-MX-1/302-MX-1_iso_05_2026-04-20T17-29-21.jpg
321-MX-01	equip	https://zwtnpyjifbdytlektxlc.supabase.co/storage/v1/object/public/loto-photos/321-MX-01/321-MX-01_equip_2026-04-20T17-29-26.jpg
321-MX-01	iso	https://zwtnpyjifbdytlektxlc.supabase.co/storage/v1/object/public/loto-photos/302-MX-1-IP.jpg
BGGN-011	equip	https://zwtnpyjifbdytlektxlc.supabase.co/storage/v1/object/public/loto-photos/BGGN-011-EQ.jpg
BGGN-011	iso	https://zwtnpyjifbdytlektxlc.supabase.co/storage/v1/object/public/loto-photos/BGGN-013-IP.jpg
BGGN-012	equip	https://zwtnpyjifbdytlektxlc.supabase.co/storage/v1/object/public/loto-photos/BGGN-012-EQ.jpg
BGGN-012	iso	https://zwtnpyjifbdytlektxlc.supabase.co/storage/v1/object/public/loto-photos/BGGN-012-IP.jpg
BGGN-013	equip	https://zwtnpyjifbdytlektxlc.supabase.co/storage/v1/object/public/loto-photos/BGGN-013-EQ.jpg
BGGN-013	iso	https://zwtnpyjifbdytlektxlc.supabase.co/storage/v1/object/public/loto-photos/BGGN-013-IP.jpg
BGGN-020	equip	https://zwtnpyjifbdytlektxlc.supabase.co/storage/v1/object/public/loto-photos/BGGN-021-EQ.jpg
BGGN-020	iso	https://zwtnpyjifbdytlektxlc.supabase.co/storage/v1/object/public/loto-photos/BGGN-031-IP.jpg
BGGN-021	equip	https://zwtnpyjifbdytlektxlc.supabase.co/storage/v1/object/public/loto-photos/BGGN-021-EQ.jpg
BGGN-021	iso	https://zwtnpyjifbdytlektxlc.supabase.co/storage/v1/object/public/loto-photos/BGGN-031-IP.jpg
BGGN-031	equip	https://zwtnpyjifbdytlektxlc.supabase.co/storage/v1/object/public/loto-photos/BGGN-031-EQ.jpg
BGGN-031	iso	https://zwtnpyjifbdytlektxlc.supabase.co/storage/v1/object/public/loto-photos/BGGN-031-IP.jpg
BGGN-035	equip	https://zwtnpyjifbdytlektxlc.supabase.co/storage/v1/object/public/loto-photos/BGGN-031-EQ.jpg
BGGN-035	iso	https://zwtnpyjifbdytlektxlc.supabase.co/storage/v1/object/public/loto-photos/BGGN-031-EQ.jpg
BGGN-036	equip	https://zwtnpyjifbdytlektxlc.supabase.co/storage/v1/object/public/loto-photos/BGGN-031-EQ.jpg
BGGN-036	iso	https://zwtnpyjifbdytlektxlc.supabase.co/storage/v1/object/public/loto-photos/BGGN-031-EQ.jpg
BGGN-040	equip	https://zwtnpyjifbdytlektxlc.supabase.co/storage/v1/object/public/loto-photos/BGGN-031-EQ.jpg
BGGN-040	iso	https://zwtnpyjifbdytlektxlc.supabase.co/storage/v1/object/public/loto-photos/BGGN-031-IP.jpg
BGGN-060	equip	https://zwtnpyjifbdytlektxlc.supabase.co/storage/v1/object/public/loto-photos/BGGN-031-EQ.jpg
BGGN-060	iso	https://zwtnpyjifbdytlektxlc.supabase.co/storage/v1/object/public/loto-photos/BGGN-031-IP.jpg
BGGN-061	equip	https://zwtnpyjifbdytlektxlc.supabase.co/storage/v1/object/public/loto-photos/BGGN-031-EQ.jpg
BGGN-061	iso	https://zwtnpyjifbdytlektxlc.supabase.co/storage/v1/object/public/loto-photos/BGGN-031-IP.jpg
BGGN-062	equip	https://zwtnpyjifbdytlektxlc.supabase.co/storage/v1/object/public/loto-photos/BGGN-031-EQ.jpg
BGGN-062	iso	https://zwtnpyjifbdytlektxlc.supabase.co/storage/v1/object/public/loto-photos/BGGN-031-IP.jpg
BGGN-063	equip	https://zwtnpyjifbdytlektxlc.supabase.co/storage/v1/object/public/loto-photos/BGGN-031-EQ.jpg
BGGN-063	iso	https://zwtnpyjifbdytlektxlc.supabase.co/storage/v1/object/public/loto-photos/BGGN-031-IP.jpg
BGGN-064	equip	https://zwtnpyjifbdytlektxlc.supabase.co/storage/v1/object/public/loto-photos/BGGN-031-EQ.jpg
BGGN-064	iso	https://zwtnpyjifbdytlektxlc.supabase.co/storage/v1/object/public/loto-photos/BGGN-031-IP.jpg
BGGN-065	equip	https://zwtnpyjifbdytlektxlc.supabase.co/storage/v1/object/public/loto-photos/BGGN-031-EQ.jpg
BGGN-065	iso	https://zwtnpyjifbdytlektxlc.supabase.co/storage/v1/object/public/loto-photos/BGGN-031-IP.jpg
BGGN-066	equip	https://zwtnpyjifbdytlektxlc.supabase.co/storage/v1/object/public/loto-photos/BGGN-031-EQ.jpg
BGGN-066	iso	https://zwtnpyjifbdytlektxlc.supabase.co/storage/v1/object/public/loto-photos/BGGN-031-IP.jpg
BGGN-071	equip	https://zwtnpyjifbdytlektxlc.supabase.co/storage/v1/object/public/loto-photos/BGGN-031-EQ.jpg
BGGN-071	iso	https://zwtnpyjifbdytlektxlc.supabase.co/storage/v1/object/public/loto-photos/BGGN-031-IP.jpg
BGGN-072	equip	https://zwtnpyjifbdytlektxlc.supabase.co/storage/v1/object/public/loto-photos/BGGN-031-EQ.jpg
BGGN-072	iso	https://zwtnpyjifbdytlektxlc.supabase.co/storage/v1/object/public/loto-photos/BGGN-031-IP.jpg
BGGN-073	equip	https://zwtnpyjifbdytlektxlc.supabase.co/storage/v1/object/public/loto-photos/BGGN-031-EQ.jpg
BGGN-073	iso	https://zwtnpyjifbdytlektxlc.supabase.co/storage/v1/object/public/loto-photos/BGGN-031-IP.jpg
BGGN-085	equip	https://zwtnpyjifbdytlektxlc.supabase.co/storage/v1/object/public/loto-photos/BGGN-031-EQ.jpg
BGGN-085	iso	https://zwtnpyjifbdytlektxlc.supabase.co/storage/v1/object/public/loto-photos/BGGN-031-EQ.jpg
BGGN-090	equip	https://zwtnpyjifbdytlektxlc.supabase.co/storage/v1/object/public/loto-photos/PROPANE-LPG-EQ.jpg
BGGN-090	iso	https://zwtnpyjifbdytlektxlc.supabase.co/storage/v1/object/public/loto-photos/PROPANE-LPG-EQ.jpg
BGGN-100	equip	https://zwtnpyjifbdytlektxlc.supabase.co/storage/v1/object/public/loto-photos/BGGN-110-EQ-2.jpg
BGGN-100	iso	https://zwtnpyjifbdytlektxlc.supabase.co/storage/v1/object/public/loto-photos/BGGN-031-IP.jpg
BGGN-190	equip	https://zwtnpyjifbdytlektxlc.supabase.co/storage/v1/object/public/loto-photos/BGGN-200-IP-4.jpg
BGGN-190	iso	https://zwtnpyjifbdytlektxlc.supabase.co/storage/v1/object/public/loto-photos/BGGN-200-IP-3.jpg
BGGN-200	equip	https://zwtnpyjifbdytlektxlc.supabase.co/storage/v1/object/public/loto-photos/BGGN-200-IP-2.jpg
BGGN-200	iso	https://zwtnpyjifbdytlektxlc.supabase.co/storage/v1/object/public/loto-photos/BGGN-200-IP.jpg
CONVEYOR-1	equip	https://zwtnpyjifbdytlektxlc.supabase.co/storage/v1/object/public/loto-photos/SKT-CONV-EQ-2.jpg
CONVEYOR-1	iso	https://zwtnpyjifbdytlektxlc.supabase.co/storage/v1/object/public/loto-photos/SKT-CONV-IP-2.jpg
CONVEYOR-2	equip	https://zwtnpyjifbdytlektxlc.supabase.co/storage/v1/object/public/loto-photos/SKT-CONV-EQ-2.jpg
CONVEYOR-2	iso	https://zwtnpyjifbdytlektxlc.supabase.co/storage/v1/object/public/loto-photos/SKT-CONV-IP-2.jpg
CONVEYOR-3	equip	https://zwtnpyjifbdytlektxlc.supabase.co/storage/v1/object/public/loto-photos/SKT-CONV-EQ-2.jpg
CONVEYOR-3	iso	https://zwtnpyjifbdytlektxlc.supabase.co/storage/v1/object/public/loto-photos/SKT-CONV-IP-2.jpg
JECA-500	equip	https://zwtnpyjifbdytlektxlc.supabase.co/storage/v1/object/public/loto-photos/JECA-000-EQ.jpg
JECA-500	iso	https://zwtnpyjifbdytlektxlc.supabase.co/storage/v1/object/public/loto-photos/JECA-000-IP.jpg
JECA-540	equip	https://zwtnpyjifbdytlektxlc.supabase.co/storage/v1/object/public/loto-photos/JECA-540-EQ.jpg
JECA-540	iso	https://zwtnpyjifbdytlektxlc.supabase.co/storage/v1/object/public/loto-photos/JECA-PUMP-IP.jpg
JECA-570	equip	https://zwtnpyjifbdytlektxlc.supabase.co/storage/v1/object/public/loto-photos/JECA-540-EQ.jpg
JECA-570	iso	https://zwtnpyjifbdytlektxlc.supabase.co/storage/v1/object/public/loto-photos/JECA-CONDENSATE-IP.jpg
JECA-800	equip	https://zwtnpyjifbdytlektxlc.supabase.co/storage/v1/object/public/loto-photos/SKT-CONV-EQ-2.jpg
JECA-800	iso	https://zwtnpyjifbdytlektxlc.supabase.co/storage/v1/object/public/loto-photos/SKT-CONV-IP-2.jpg
JECA-810	equip	https://zwtnpyjifbdytlektxlc.supabase.co/storage/v1/object/public/loto-photos/SKT-CONV-EQ-2.jpg
JECA-810	iso	https://zwtnpyjifbdytlektxlc.supabase.co/storage/v1/object/public/loto-photos/SKT-CONV-IP-2.jpg
JECA-820	equip	https://zwtnpyjifbdytlektxlc.supabase.co/storage/v1/object/public/loto-photos/SKT-CONV-EQ-2.jpg
JECA-820	iso	https://zwtnpyjifbdytlektxlc.supabase.co/storage/v1/object/public/loto-photos/SKT-CONV-IP-2.jpg
JECA-840	equip	https://zwtnpyjifbdytlektxlc.supabase.co/storage/v1/object/public/loto-photos/SKT-CONV-EQ-2.jpg
JECA-840	iso	https://zwtnpyjifbdytlektxlc.supabase.co/storage/v1/object/public/loto-photos/SKT-CONV-IP-2.jpg
JECA-850	equip	https://zwtnpyjifbdytlektxlc.supabase.co/storage/v1/object/public/loto-photos/JEGN-820-EQ.jpg
JECA-850	iso	https://zwtnpyjifbdytlektxlc.supabase.co/storage/v1/object/public/loto-photos/JEGN-820-IP.jpg
JECA-860	equip	https://zwtnpyjifbdytlektxlc.supabase.co/storage/v1/object/public/loto-photos/SKT-CONV-EQ-2.jpg
JECA-860	iso	https://zwtnpyjifbdytlektxlc.supabase.co/storage/v1/object/public/loto-photos/SKT-CONV-IP-2.jpg
JECL-100-1	equip	https://zwtnpyjifbdytlektxlc.supabase.co/storage/v1/object/public/loto-photos/SKT-CONV-EQ-2.jpg
JECL-100-1	iso	https://zwtnpyjifbdytlektxlc.supabase.co/storage/v1/object/public/loto-photos/SKT-CONV-IP-2.jpg
JECL-100-2	equip	https://zwtnpyjifbdytlektxlc.supabase.co/storage/v1/object/public/loto-photos/SKT-CONV-EQ-2.jpg
JECL-100-2	iso	https://zwtnpyjifbdytlektxlc.supabase.co/storage/v1/object/public/loto-photos/SKT-CONV-IP-2.jpg
JECL-100-3	equip	https://zwtnpyjifbdytlektxlc.supabase.co/storage/v1/object/public/loto-photos/JECL-100-3-EQ.jpg
JECL-100-3	iso	https://zwtnpyjifbdytlektxlc.supabase.co/storage/v1/object/public/loto-photos/SKT-CONV-IP-2.jpg
JECL-120	equip	https://zwtnpyjifbdytlektxlc.supabase.co/storage/v1/object/public/loto-photos/SKT-CONV-EQ-2.jpg
JECL-120	iso	https://zwtnpyjifbdytlektxlc.supabase.co/storage/v1/object/public/loto-photos/SKT-CONV-IP-2.jpg
JECL-500	equip	https://zwtnpyjifbdytlektxlc.supabase.co/storage/v1/object/public/loto-photos/JECL-500/JECL-500_EQUIP_2026-04-20T17-27-00Z.jpg
JECL-500	iso	https://zwtnpyjifbdytlektxlc.supabase.co/storage/v1/object/public/loto-photos/JECL-500/JECL-500_ISO_2026-04-20T17-27-06Z.jpg
JECL-500-1	equip	https://zwtnpyjifbdytlektxlc.supabase.co/storage/v1/object/public/loto-photos/JECL-500-1/JECL-500-1_EQUIP_2026-04-20T17-26-34Z.jpg
JECL-500-1	iso	https://zwtnpyjifbdytlektxlc.supabase.co/storage/v1/object/public/loto-photos/JECL-500-1/JECL-500-1_ISO_2026-04-20T17-26-38Z.jpg
JECL-500-2	equip	https://zwtnpyjifbdytlektxlc.supabase.co/storage/v1/object/public/loto-photos/JECL-500-2/JECL-500-2_EQUIP_2026-04-20T17-26-18Z.jpg
JECL-500-2	iso	https://zwtnpyjifbdytlektxlc.supabase.co/storage/v1/object/public/loto-photos/JECL-500-2/JECL-500-2_ISO_2026-04-20T17-26-24Z.jpg
JECL-500-3	equip	https://zwtnpyjifbdytlektxlc.supabase.co/storage/v1/object/public/loto-photos/JECL-500-3/JECL-500-3_EQUIP_2026-04-20T19-19-35Z.jpg
JECL-500-3	iso	https://zwtnpyjifbdytlektxlc.supabase.co/storage/v1/object/public/loto-photos/JECL-500-3/JECL-500-3_ISO_2026-04-20T19-19-37Z.jpg
JECL-505	equip	https://zwtnpyjifbdytlektxlc.supabase.co/storage/v1/object/public/loto-photos/SKT-CONV-EQ-2.jpg
JECL-505	iso	https://zwtnpyjifbdytlektxlc.supabase.co/storage/v1/object/public/loto-photos/SKT-CONV-IP-2.jpg
JECL-510	equip	https://zwtnpyjifbdytlektxlc.supabase.co/storage/v1/object/public/loto-photos/SKT-CONV-EQ-2.jpg
JECL-510	iso	https://zwtnpyjifbdytlektxlc.supabase.co/storage/v1/object/public/loto-photos/SKT-CONV-IP-2.jpg
JECL-520	equip	https://zwtnpyjifbdytlektxlc.supabase.co/storage/v1/object/public/loto-photos/JECL-520-EQ.jpg
JECL-520	iso	https://zwtnpyjifbdytlektxlc.supabase.co/storage/v1/object/public/loto-photos/JECL-520-IP.jpg
JECL-530	equip	https://zwtnpyjifbdytlektxlc.supabase.co/storage/v1/object/public/loto-photos/SKKC-KETTLE-EQ-2.jpg
JECL-530	iso	https://zwtnpyjifbdytlektxlc.supabase.co/storage/v1/object/public/loto-photos/SKKC-KETTLE-IP.jpg
JECL-560	equip	https://zwtnpyjifbdytlektxlc.supabase.co/storage/v1/object/public/loto-photos/JECL-560/JECL-560_EQUIP_2026-04-20T17-25-59Z.jpg
JECL-560	iso	https://zwtnpyjifbdytlektxlc.supabase.co/storage/v1/object/public/loto-photos/JECL-560/JECL-560_ISO_2026-04-20T17-26-06Z.jpg
JECL-570	equip	https://zwtnpyjifbdytlektxlc.supabase.co/storage/v1/object/public/loto-photos/JECL-570-EQ-2.jpg
JECL-570	iso	https://zwtnpyjifbdytlektxlc.supabase.co/storage/v1/object/public/loto-photos/JECL-570-IP-2.jpg
JECL-580	equip	https://zwtnpyjifbdytlektxlc.supabase.co/storage/v1/object/public/loto-photos/JECL-580-EQ.jpg
JECL-580	iso	https://zwtnpyjifbdytlektxlc.supabase.co/storage/v1/object/public/loto-photos/JECL-580-IP-2.jpg
JECL-590	equip	https://zwtnpyjifbdytlektxlc.supabase.co/storage/v1/object/public/loto-photos/JECL-590-EQ.jpg
JECL-590	iso	https://zwtnpyjifbdytlektxlc.supabase.co/storage/v1/object/public/loto-photos/JECL-590-IP-2.jpg
JECL-610	equip	https://zwtnpyjifbdytlektxlc.supabase.co/storage/v1/object/public/loto-photos/JECL-610-EQ-2.jpg
JECL-610	iso	https://zwtnpyjifbdytlektxlc.supabase.co/storage/v1/object/public/loto-photos/JECL-600-IP.jpg
JECL-630	equip	https://zwtnpyjifbdytlektxlc.supabase.co/storage/v1/object/public/loto-photos/SKT-CONV-EQ-2.jpg
JECL-630	iso	https://zwtnpyjifbdytlektxlc.supabase.co/storage/v1/object/public/loto-photos/SKT-CONV-IP-2.jpg
JECL-640	equip	https://zwtnpyjifbdytlektxlc.supabase.co/storage/v1/object/public/loto-photos/SKT-CONV-EQ-2.jpg
JECL-640	iso	https://zwtnpyjifbdytlektxlc.supabase.co/storage/v1/object/public/loto-photos/SKT-CONV-IP-2.jpg
JECL-650	equip	https://zwtnpyjifbdytlektxlc.supabase.co/storage/v1/object/public/loto-photos/SKT-CONV-EQ-2.jpg
JECL-650	iso	https://zwtnpyjifbdytlektxlc.supabase.co/storage/v1/object/public/loto-photos/SKT-CONV-IP-2.jpg
JECL-660	equip	https://zwtnpyjifbdytlektxlc.supabase.co/storage/v1/object/public/loto-photos/SKT-CONV-EQ-2.jpg
JECL-660	iso	https://zwtnpyjifbdytlektxlc.supabase.co/storage/v1/object/public/loto-photos/SKT-CONV-IP-2.jpg
JECL-680	equip	https://zwtnpyjifbdytlektxlc.supabase.co/storage/v1/object/public/loto-photos/JECL-680-EQ-2.jpg
JECL-680	iso	https://zwtnpyjifbdytlektxlc.supabase.co/storage/v1/object/public/loto-photos/JECL-680-IP-2.jpg
JECL-690	equip	https://zwtnpyjifbdytlektxlc.supabase.co/storage/v1/object/public/loto-photos/JECL-690-EQ-2.jpg
JECL-690	iso	https://zwtnpyjifbdytlektxlc.supabase.co/storage/v1/object/public/loto-photos/JECL-690-IP-2.jpg
JECL-720	equip	https://zwtnpyjifbdytlektxlc.supabase.co/storage/v1/object/public/loto-photos/JECL-720-EQ-2.jpg
JECL-720	iso	https://zwtnpyjifbdytlektxlc.supabase.co/storage/v1/object/public/loto-photos/JECL-720-IP.jpg
JECL-730	equip	https://zwtnpyjifbdytlektxlc.supabase.co/storage/v1/object/public/loto-photos/JECL-730-EQ.jpg
JECL-730	iso	https://zwtnpyjifbdytlektxlc.supabase.co/storage/v1/object/public/loto-photos/JECL-730/JECL-730_ISO_2026-04-20T19-25-21Z.jpg
JECL-770	equip	https://zwtnpyjifbdytlektxlc.supabase.co/storage/v1/object/public/loto-photos/JECL-730-EQ.jpg
JECL-770	iso	https://zwtnpyjifbdytlektxlc.supabase.co/storage/v1/object/public/loto-photos/JECL-740-IP.jpg
JEGN-200	equip	https://zwtnpyjifbdytlektxlc.supabase.co/storage/v1/object/public/loto-photos/JEGN-000-EQ.jpg
JEGN-200	iso	https://zwtnpyjifbdytlektxlc.supabase.co/storage/v1/object/public/loto-photos/JEGN-000-IP.jpg
JEGN-530	equip	https://zwtnpyjifbdytlektxlc.supabase.co/storage/v1/object/public/loto-photos/SKT-CONV-EQ-2.jpg
JEGN-530	iso	https://zwtnpyjifbdytlektxlc.supabase.co/storage/v1/object/public/loto-photos/SKT-CONV-IP-2.jpg
JEGN-800	equip	https://zwtnpyjifbdytlektxlc.supabase.co/storage/v1/object/public/loto-photos/JECA-530-EQ.jpg
JEGN-800	iso	https://zwtnpyjifbdytlektxlc.supabase.co/storage/v1/object/public/loto-photos/JECA-000-IP.jpg
JEGN-820	equip	https://zwtnpyjifbdytlektxlc.supabase.co/storage/v1/object/public/loto-photos/JEGN-820-EQ.jpg
JEGN-820	iso	https://zwtnpyjifbdytlektxlc.supabase.co/storage/v1/object/public/loto-photos/JEGN-820-IP.jpg
JEGN-840	equip	https://zwtnpyjifbdytlektxlc.supabase.co/storage/v1/object/public/loto-photos/SKT-CONV-EQ-2.jpg
JEGN-840	iso	https://zwtnpyjifbdytlektxlc.supabase.co/storage/v1/object/public/loto-photos/SKT-CONV-IP-2.jpg
JEGN-930	equip	https://zwtnpyjifbdytlektxlc.supabase.co/storage/v1/object/public/loto-photos/JEGN-970-EQ.jpg
JEGN-930	iso	https://zwtnpyjifbdytlektxlc.supabase.co/storage/v1/object/public/loto-photos/JEGN-940-IP.jpg
JEGN-970	equip	https://zwtnpyjifbdytlektxlc.supabase.co/storage/v1/object/public/loto-photos/JEGN-970-EQ.jpg
JEGN-970	iso	https://zwtnpyjifbdytlektxlc.supabase.co/storage/v1/object/public/loto-photos/JEGN-970-IP-2.jpg
JEPK-500	equip	https://zwtnpyjifbdytlektxlc.supabase.co/storage/v1/object/public/loto-photos/JEPK-BAGGER-EQ.jpg
JEPK-500	iso	https://zwtnpyjifbdytlektxlc.supabase.co/storage/v1/object/public/loto-photos/JEPK-WEIGHER-IP.jpg
JEPK-511	equip	https://zwtnpyjifbdytlektxlc.supabase.co/storage/v1/object/public/loto-photos/MD14A_IMG_0503.jpg
JEPK-511	iso	https://zwtnpyjifbdytlektxlc.supabase.co/storage/v1/object/public/loto-photos/MD14A_IMG_0504-IP.jpg
JEPK-521	equip	https://zwtnpyjifbdytlektxlc.supabase.co/storage/v1/object/public/loto-photos/LABELER-EQ.jpg
JEPK-521	iso	https://zwtnpyjifbdytlektxlc.supabase.co/storage/v1/object/public/loto-photos/LABELER-EQ.jpg
JEPK-620	equip	https://zwtnpyjifbdytlektxlc.supabase.co/storage/v1/object/public/loto-photos/JEPK-620-EQ.jpg
JEPK-620	iso	https://zwtnpyjifbdytlektxlc.supabase.co/storage/v1/object/public/loto-photos/LABELER-EQ.jpg
JEPL-101	equip	https://zwtnpyjifbdytlektxlc.supabase.co/storage/v1/object/public/loto-photos/JECA-530-EQ.jpg
JEPL-101	iso	https://zwtnpyjifbdytlektxlc.supabase.co/storage/v1/object/public/loto-photos/JECA-000-IP.jpg
JEPL-103	equip	https://zwtnpyjifbdytlektxlc.supabase.co/storage/v1/object/public/loto-photos/JECA-540-EQ.jpg
JEPL-103	iso	https://zwtnpyjifbdytlektxlc.supabase.co/storage/v1/object/public/loto-photos/JECA-PUMP-IP.jpg
JEPL-104	equip	https://zwtnpyjifbdytlektxlc.supabase.co/storage/v1/object/public/loto-photos/SKT-CONV-EQ-2.jpg
JEPL-104	iso	https://zwtnpyjifbdytlektxlc.supabase.co/storage/v1/object/public/loto-photos/SKT-CONV-IP-2.jpg
JEPL-105	equip	https://zwtnpyjifbdytlektxlc.supabase.co/storage/v1/object/public/loto-photos/SKT-CONV-EQ-2.jpg
JEPL-105	iso	https://zwtnpyjifbdytlektxlc.supabase.co/storage/v1/object/public/loto-photos/SKT-CONV-IP-2.jpg
JEPL-106	equip	https://zwtnpyjifbdytlektxlc.supabase.co/storage/v1/object/public/loto-photos/JECA-000-EQ.jpg
JEPL-106	iso	https://zwtnpyjifbdytlektxlc.supabase.co/storage/v1/object/public/loto-photos/JECA-000-IP.jpg
JEPL-107	equip	https://zwtnpyjifbdytlektxlc.supabase.co/storage/v1/object/public/loto-photos/JEGN-820-EQ.jpg
JEPL-107	iso	https://zwtnpyjifbdytlektxlc.supabase.co/storage/v1/object/public/loto-photos/JEGN-820-IP.jpg
JEPL-110	equip	https://zwtnpyjifbdytlektxlc.supabase.co/storage/v1/object/public/loto-photos/SKT-CONV-EQ-2.jpg
JEPL-110	iso	https://zwtnpyjifbdytlektxlc.supabase.co/storage/v1/object/public/loto-photos/SKT-CONV-IP-2.jpg
JEPL-111	equip	https://zwtnpyjifbdytlektxlc.supabase.co/storage/v1/object/public/loto-photos/SKT-CONV-EQ-2.jpg
JEPL-111	iso	https://zwtnpyjifbdytlektxlc.supabase.co/storage/v1/object/public/loto-photos/SKT-CONV-IP-2.jpg
JEPL-112	equip	https://zwtnpyjifbdytlektxlc.supabase.co/storage/v1/object/public/loto-photos/SKT-CONV-EQ-2.jpg
JEPL-112	iso	https://zwtnpyjifbdytlektxlc.supabase.co/storage/v1/object/public/loto-photos/SKT-CONV-IP-2.jpg
JERO-740	equip	https://zwtnpyjifbdytlektxlc.supabase.co/storage/v1/object/public/loto-photos/JERO-740/JERO-740_EQUIP_2026-04-20T19-39-01Z.jpg
JERO-740	iso	https://zwtnpyjifbdytlektxlc.supabase.co/storage/v1/object/public/loto-photos/JERO-740/JERO-740_ISO_2026-04-20T19-39-05Z.jpg
JERO-760	equip	https://zwtnpyjifbdytlektxlc.supabase.co/storage/v1/object/public/loto-photos/JERO-760/JERO-760_EQUIP_2026-04-20T19-38-52Z.jpg
JERO-760	iso	https://zwtnpyjifbdytlektxlc.supabase.co/storage/v1/object/public/loto-photos/JERO-760/JERO-760_ISO_2026-04-20T19-38-53Z.jpg
LANLEY-OVEN	equip	https://zwtnpyjifbdytlektxlc.supabase.co/storage/v1/object/public/loto-photos/SKCC-OVEN-EQ.jpg
LANLEY-OVEN	iso	https://zwtnpyjifbdytlektxlc.supabase.co/storage/v1/object/public/loto-photos/SKCC-DISCONNECT-IP.jpg
SHGN-010	equip	https://zwtnpyjifbdytlektxlc.supabase.co/storage/v1/object/public/loto-photos/SHGN-170-EQ-2.jpg
SHGN-010	iso	https://zwtnpyjifbdytlektxlc.supabase.co/storage/v1/object/public/loto-photos/SHGN-170-IP-2.jpg
SHGN-011	equip	https://zwtnpyjifbdytlektxlc.supabase.co/storage/v1/object/public/loto-photos/SHGN-170-EQ-2.jpg
SHGN-011	iso	https://zwtnpyjifbdytlektxlc.supabase.co/storage/v1/object/public/loto-photos/SHGN-170-IP-2.jpg
SHGN-012	equip	https://zwtnpyjifbdytlektxlc.supabase.co/storage/v1/object/public/loto-photos/SHGN-170-EQ-2.jpg
SHGN-012	iso	https://zwtnpyjifbdytlektxlc.supabase.co/storage/v1/object/public/loto-photos/SHGN-170-IP-2.jpg
SHGN-013	equip	https://zwtnpyjifbdytlektxlc.supabase.co/storage/v1/object/public/loto-photos/SHGN-170-EQ-2.jpg
SHGN-013	iso	https://zwtnpyjifbdytlektxlc.supabase.co/storage/v1/object/public/loto-photos/SHGN-170-IP-2.jpg
SHGN-014	equip	https://zwtnpyjifbdytlektxlc.supabase.co/storage/v1/object/public/loto-photos/SHGN-170-EQ-2.jpg
SHGN-014	iso	https://zwtnpyjifbdytlektxlc.supabase.co/storage/v1/object/public/loto-photos/SHGN-170-IP-2.jpg
SHGN-015	equip	https://zwtnpyjifbdytlektxlc.supabase.co/storage/v1/object/public/loto-photos/SHGN-170-EQ-2.jpg
SHGN-015	iso	https://zwtnpyjifbdytlektxlc.supabase.co/storage/v1/object/public/loto-photos/SHGN-170-IP-2.jpg
SHGN-100	equip	https://zwtnpyjifbdytlektxlc.supabase.co/storage/v1/object/public/loto-photos/SHGN-170-EQ-2.jpg
SHGN-100	iso	https://zwtnpyjifbdytlektxlc.supabase.co/storage/v1/object/public/loto-photos/SHGN-170-IP-2.jpg
SHGN-170	equip	https://zwtnpyjifbdytlektxlc.supabase.co/storage/v1/object/public/loto-photos/LNTCH-SW1-EQ.jpg
SHGN-170	iso	https://zwtnpyjifbdytlektxlc.supabase.co/storage/v1/object/public/loto-photos/LNTCH-SW1-IP.jpg
SHGN-180	equip	https://zwtnpyjifbdytlektxlc.supabase.co/storage/v1/object/public/loto-photos/LNTCH-SW1-EQ.jpg
SHGN-180	iso	https://zwtnpyjifbdytlektxlc.supabase.co/storage/v1/object/public/loto-photos/LNTCH-SW1-IP.jpg
SHGN-200	equip	https://zwtnpyjifbdytlektxlc.supabase.co/storage/v1/object/public/loto-photos/SHGN-170-EQ-2.jpg
SHGN-200	iso	https://zwtnpyjifbdytlektxlc.supabase.co/storage/v1/object/public/loto-photos/SHGN-170-IP-2.jpg
SHGN-300	equip	https://zwtnpyjifbdytlektxlc.supabase.co/storage/v1/object/public/loto-photos/SHGN-170-EQ-2.jpg
SHGN-300	iso	https://zwtnpyjifbdytlektxlc.supabase.co/storage/v1/object/public/loto-photos/SHGN-170-IP-2.jpg
SHGN-400	equip	https://zwtnpyjifbdytlektxlc.supabase.co/storage/v1/object/public/loto-photos/SHGN-170-EQ-2.jpg
SHGN-400	iso	https://zwtnpyjifbdytlektxlc.supabase.co/storage/v1/object/public/loto-photos/SHGN-170-IP-2.jpg
SHGN-500	equip	https://zwtnpyjifbdytlektxlc.supabase.co/storage/v1/object/public/loto-photos/SHGN-170-EQ-2.jpg
SHGN-500	iso	https://zwtnpyjifbdytlektxlc.supabase.co/storage/v1/object/public/loto-photos/SHGN-170-IP-2.jpg
SHGN-600	equip	https://zwtnpyjifbdytlektxlc.supabase.co/storage/v1/object/public/loto-photos/SHGN-170-EQ-2.jpg
SHGN-600	iso	https://zwtnpyjifbdytlektxlc.supabase.co/storage/v1/object/public/loto-photos/SHGN-170-IP-2.jpg
SHGN-700	equip	https://zwtnpyjifbdytlektxlc.supabase.co/storage/v1/object/public/loto-photos/SHGN-170-EQ-2.jpg
SHGN-700	iso	https://zwtnpyjifbdytlektxlc.supabase.co/storage/v1/object/public/loto-photos/SHGN-170-IP-2.jpg
SHGN-800	equip	https://zwtnpyjifbdytlektxlc.supabase.co/storage/v1/object/public/loto-photos/SHGN-170-EQ-2.jpg
SHGN-800	iso	https://zwtnpyjifbdytlektxlc.supabase.co/storage/v1/object/public/loto-photos/SHGN-170-IP-2.jpg
SHGN-900	equip	https://zwtnpyjifbdytlektxlc.supabase.co/storage/v1/object/public/loto-photos/SHGN-170-EQ-2.jpg
SHGN-900	iso	https://zwtnpyjifbdytlektxlc.supabase.co/storage/v1/object/public/loto-photos/SHGN-170-IP-2.jpg
SKAP-1001	equip	https://zwtnpyjifbdytlektxlc.supabase.co/storage/v1/object/public/loto-photos/SKAP-1501-EQ.jpg
SKAP-1001	iso	https://zwtnpyjifbdytlektxlc.supabase.co/storage/v1/object/public/loto-photos/SKAP-1501-IP.jpg
SKAP-1003	equip	https://zwtnpyjifbdytlektxlc.supabase.co/storage/v1/object/public/loto-photos/SKAP-15-CONV-EQ.jpg
SKAP-1003	iso	https://zwtnpyjifbdytlektxlc.supabase.co/storage/v1/object/public/loto-photos/FOCKE-1-IP.jpg
SKAP-1005	equip	https://zwtnpyjifbdytlektxlc.supabase.co/storage/v1/object/public/loto-photos/FOCKE-1-EQ.jpg
SKAP-1005	iso	https://zwtnpyjifbdytlektxlc.supabase.co/storage/v1/object/public/loto-photos/FOCKE-1-IP.jpg
SKAP-1007	equip	https://zwtnpyjifbdytlektxlc.supabase.co/storage/v1/object/public/loto-photos/LABELER-EQ.jpg
SKAP-1007	iso	https://zwtnpyjifbdytlektxlc.supabase.co/storage/v1/object/public/loto-photos/LABELER-EQ.jpg
SKAP-101	equip	https://zwtnpyjifbdytlektxlc.supabase.co/storage/v1/object/public/loto-photos/SKAP-1501-EQ.jpg
SKAP-101	iso	https://zwtnpyjifbdytlektxlc.supabase.co/storage/v1/object/public/loto-photos/SKAP-1501-IP.jpg
SKAP-1012	equip	https://zwtnpyjifbdytlektxlc.supabase.co/storage/v1/object/public/loto-photos/FANUC-PLTZKR-EQ-2.jpg
SKAP-1012	iso	https://zwtnpyjifbdytlektxlc.supabase.co/storage/v1/object/public/loto-photos/FANUC-PLTZKR-IP-2.jpg
SKAP-1014	equip	https://zwtnpyjifbdytlektxlc.supabase.co/storage/v1/object/public/loto-photos/LBLR-1-EQ.jpg
SKAP-1014	iso	https://zwtnpyjifbdytlektxlc.supabase.co/storage/v1/object/public/loto-photos/LBLR-1-EQ.jpg
SKAP-1015	equip	https://zwtnpyjifbdytlektxlc.supabase.co/storage/v1/object/public/loto-photos/SKAP-15-PLTLIFT-EQ.jpg
SKAP-1015	iso	https://zwtnpyjifbdytlektxlc.supabase.co/storage/v1/object/public/loto-photos/SKAP-15-PLTLIFT-IP.jpg
SKAP-103	equip	https://zwtnpyjifbdytlektxlc.supabase.co/storage/v1/object/public/loto-photos/SKAP-15-CONV-EQ.jpg
SKAP-103	iso	https://zwtnpyjifbdytlektxlc.supabase.co/storage/v1/object/public/loto-photos/FOCKE-1-IP.jpg
SKAP-105	equip	https://zwtnpyjifbdytlektxlc.supabase.co/storage/v1/object/public/loto-photos/FOCKE-1-EQ.jpg
SKAP-105	iso	https://zwtnpyjifbdytlektxlc.supabase.co/storage/v1/object/public/loto-photos/FOCKE-1-IP.jpg
SKAP-107	equip	https://zwtnpyjifbdytlektxlc.supabase.co/storage/v1/object/public/loto-photos/LABELER-EQ.jpg
SKAP-107	iso	https://zwtnpyjifbdytlektxlc.supabase.co/storage/v1/object/public/loto-photos/LABELER-EQ.jpg
SKAP-1101	equip	https://zwtnpyjifbdytlektxlc.supabase.co/storage/v1/object/public/loto-photos/SKAP-1501-EQ.jpg
SKAP-1101	iso	https://zwtnpyjifbdytlektxlc.supabase.co/storage/v1/object/public/loto-photos/SKAP-1501-IP.jpg
SKAP-1103	equip	https://zwtnpyjifbdytlektxlc.supabase.co/storage/v1/object/public/loto-photos/SKAP-15-CONV-EQ.jpg
SKAP-1103	iso	https://zwtnpyjifbdytlektxlc.supabase.co/storage/v1/object/public/loto-photos/FOCKE-11-IP.jpg
SKAP-1105	equip	https://zwtnpyjifbdytlektxlc.supabase.co/storage/v1/object/public/loto-photos/FOCKE-1-EQ.jpg
SKAP-1105	iso	https://zwtnpyjifbdytlektxlc.supabase.co/storage/v1/object/public/loto-photos/FOCKE-11-IP.jpg
SKAP-1107	equip	https://zwtnpyjifbdytlektxlc.supabase.co/storage/v1/object/public/loto-photos/LABELER-EQ.jpg
SKAP-1107	iso	https://zwtnpyjifbdytlektxlc.supabase.co/storage/v1/object/public/loto-photos/LABELER-EQ.jpg
SKAP-1112	equip	https://zwtnpyjifbdytlektxlc.supabase.co/storage/v1/object/public/loto-photos/FANUC-PLTZKR-EQ-2.jpg
SKAP-1112	iso	https://zwtnpyjifbdytlektxlc.supabase.co/storage/v1/object/public/loto-photos/FANUC-PLTZKR-IP-2.jpg
SKAP-1114	equip	https://zwtnpyjifbdytlektxlc.supabase.co/storage/v1/object/public/loto-photos/LBLR-1-EQ.jpg
SKAP-1114	iso	https://zwtnpyjifbdytlektxlc.supabase.co/storage/v1/object/public/loto-photos/LBLR-1-EQ.jpg
SKAP-112	equip	https://zwtnpyjifbdytlektxlc.supabase.co/storage/v1/object/public/loto-photos/FANUC-PLTZKR-EQ-2.jpg
SKAP-112	iso	https://zwtnpyjifbdytlektxlc.supabase.co/storage/v1/object/public/loto-photos/FANUC-PLTZKR-IP-2.jpg
SKAP-114	equip	https://zwtnpyjifbdytlektxlc.supabase.co/storage/v1/object/public/loto-photos/LBLR-1-EQ.jpg
SKAP-114	iso	https://zwtnpyjifbdytlektxlc.supabase.co/storage/v1/object/public/loto-photos/LBLR-1-EQ.jpg
SKAP-1201	equip	https://zwtnpyjifbdytlektxlc.supabase.co/storage/v1/object/public/loto-photos/SKAP-1501-EQ.jpg
SKAP-1201	iso	https://zwtnpyjifbdytlektxlc.supabase.co/storage/v1/object/public/loto-photos/SKAP-1501-IP.jpg
SKAP-1203	equip	https://zwtnpyjifbdytlektxlc.supabase.co/storage/v1/object/public/loto-photos/SKAP-15-CONV-EQ.jpg
SKAP-1203	iso	https://zwtnpyjifbdytlektxlc.supabase.co/storage/v1/object/public/loto-photos/FOCKE-1-IP.jpg
SKAP-1205	equip	https://zwtnpyjifbdytlektxlc.supabase.co/storage/v1/object/public/loto-photos/FOCKE-1-EQ.jpg
SKAP-1205	iso	https://zwtnpyjifbdytlektxlc.supabase.co/storage/v1/object/public/loto-photos/FOCKE-1-IP.jpg
SKAP-1207	equip	https://zwtnpyjifbdytlektxlc.supabase.co/storage/v1/object/public/loto-photos/LABELER-EQ.jpg
SKAP-1207	iso	https://zwtnpyjifbdytlektxlc.supabase.co/storage/v1/object/public/loto-photos/LABELER-EQ.jpg
SKAP-1212	equip	https://zwtnpyjifbdytlektxlc.supabase.co/storage/v1/object/public/loto-photos/FANUC-PLTZKR-EQ-2.jpg
SKAP-1212	iso	https://zwtnpyjifbdytlektxlc.supabase.co/storage/v1/object/public/loto-photos/FANUC-PLTZKR-IP-2.jpg
SKAP-1214	equip	https://zwtnpyjifbdytlektxlc.supabase.co/storage/v1/object/public/loto-photos/LBLR-1-EQ.jpg
SKAP-1214	iso	https://zwtnpyjifbdytlektxlc.supabase.co/storage/v1/object/public/loto-photos/LBLR-1-EQ.jpg
SKAP-1301	equip	https://zwtnpyjifbdytlektxlc.supabase.co/storage/v1/object/public/loto-photos/SKAP-1501-EQ.jpg
SKAP-1301	iso	https://zwtnpyjifbdytlektxlc.supabase.co/storage/v1/object/public/loto-photos/SKAP-1501-IP.jpg
SKAP-1303	equip	https://zwtnpyjifbdytlektxlc.supabase.co/storage/v1/object/public/loto-photos/SKAP-15-CONV-EQ.jpg
SKAP-1303	iso	https://zwtnpyjifbdytlektxlc.supabase.co/storage/v1/object/public/loto-photos/FOCKE-13-IP.jpg
SKAP-1305	equip	https://zwtnpyjifbdytlektxlc.supabase.co/storage/v1/object/public/loto-photos/FOCKE-13-EQ.jpg
SKAP-1305	iso	https://zwtnpyjifbdytlektxlc.supabase.co/storage/v1/object/public/loto-photos/FOCKE-13-IP.jpg
SKAP-1307	equip	https://zwtnpyjifbdytlektxlc.supabase.co/storage/v1/object/public/loto-photos/LABELER-EQ.jpg
SKAP-1307	iso	https://zwtnpyjifbdytlektxlc.supabase.co/storage/v1/object/public/loto-photos/LABELER-EQ.jpg
SKAP-1312	equip	https://zwtnpyjifbdytlektxlc.supabase.co/storage/v1/object/public/loto-photos/FANUC-PLTZKR-EQ-2.jpg
SKAP-1312	iso	https://zwtnpyjifbdytlektxlc.supabase.co/storage/v1/object/public/loto-photos/FANUC-PLTZKR-IP-2.jpg
SKAP-1314	equip	https://zwtnpyjifbdytlektxlc.supabase.co/storage/v1/object/public/loto-photos/LBLR-1-EQ.jpg
SKAP-1314	iso	https://zwtnpyjifbdytlektxlc.supabase.co/storage/v1/object/public/loto-photos/LBLR-1-EQ.jpg
SKAP-1401	equip	https://zwtnpyjifbdytlektxlc.supabase.co/storage/v1/object/public/loto-photos/SKAP-1501-EQ.jpg
SKAP-1401	iso	https://zwtnpyjifbdytlektxlc.supabase.co/storage/v1/object/public/loto-photos/SKAP-1501-IP.jpg
SKAP-1403	equip	https://zwtnpyjifbdytlektxlc.supabase.co/storage/v1/object/public/loto-photos/SKAP-15-CONV-EQ.jpg
SKAP-1403	iso	https://zwtnpyjifbdytlektxlc.supabase.co/storage/v1/object/public/loto-photos/FOCKE-1-IP.jpg
SKAP-1405	equip	https://zwtnpyjifbdytlektxlc.supabase.co/storage/v1/object/public/loto-photos/FOCKE-1-EQ.jpg
SKAP-1405	iso	https://zwtnpyjifbdytlektxlc.supabase.co/storage/v1/object/public/loto-photos/FOCKE-1-IP.jpg
SKAP-1407	equip	https://zwtnpyjifbdytlektxlc.supabase.co/storage/v1/object/public/loto-photos/LABELER-EQ.jpg
SKAP-1407	iso	https://zwtnpyjifbdytlektxlc.supabase.co/storage/v1/object/public/loto-photos/LABELER-EQ.jpg
SKAP-1412	equip	https://zwtnpyjifbdytlektxlc.supabase.co/storage/v1/object/public/loto-photos/FANUC-PLTZKR-EQ-2.jpg
SKAP-1412	iso	https://zwtnpyjifbdytlektxlc.supabase.co/storage/v1/object/public/loto-photos/FANUC-PLTZKR-IP-2.jpg
SKAP-1414	equip	https://zwtnpyjifbdytlektxlc.supabase.co/storage/v1/object/public/loto-photos/LBLR-1-EQ.jpg
SKAP-1414	iso	https://zwtnpyjifbdytlektxlc.supabase.co/storage/v1/object/public/loto-photos/LBLR-1-EQ.jpg
SKAP-1501	equip	https://zwtnpyjifbdytlektxlc.supabase.co/storage/v1/object/public/loto-photos/SKAP-1501-EQ.jpg
SKAP-1501	iso	https://zwtnpyjifbdytlektxlc.supabase.co/storage/v1/object/public/loto-photos/SKAP-1501-IP.jpg
SKAP-1503	equip	https://zwtnpyjifbdytlektxlc.supabase.co/storage/v1/object/public/loto-photos/SKAP-15-CONV-EQ.jpg
SKAP-1503	iso	https://zwtnpyjifbdytlektxlc.supabase.co/storage/v1/object/public/loto-photos/SKAP-1503/SKAP-1503_ISO_1777399110916.jpg
SKAP-1505	equip	https://zwtnpyjifbdytlektxlc.supabase.co/storage/v1/object/public/loto-photos/FOCKE-15-EQ.jpg
SKAP-1505	iso	https://zwtnpyjifbdytlektxlc.supabase.co/storage/v1/object/public/loto-photos/FOCKE-15-IP.jpg
SKAP-1507	equip	https://zwtnpyjifbdytlektxlc.supabase.co/storage/v1/object/public/loto-photos/LABELER-EQ.jpg
SKAP-1507	iso	https://zwtnpyjifbdytlektxlc.supabase.co/storage/v1/object/public/loto-photos/LABELER-EQ.jpg
SKAP-1512	equip	https://zwtnpyjifbdytlektxlc.supabase.co/storage/v1/object/public/loto-photos/FANUC-PLTZKR-EQ-2.jpg
SKAP-1512	iso	https://zwtnpyjifbdytlektxlc.supabase.co/storage/v1/object/public/loto-photos/FANUC-PLTZKR-IP-2.jpg
SKAP-1514	equip	https://zwtnpyjifbdytlektxlc.supabase.co/storage/v1/object/public/loto-photos/LBLR-1-EQ.jpg
SKAP-1514	iso	https://zwtnpyjifbdytlektxlc.supabase.co/storage/v1/object/public/loto-photos/LBLR-1-EQ.jpg
SKAP-1602	equip	https://zwtnpyjifbdytlektxlc.supabase.co/storage/v1/object/public/loto-photos/SKAP-15-PLTLIFT-EQ.jpg
SKAP-1602	iso	https://zwtnpyjifbdytlektxlc.supabase.co/storage/v1/object/public/loto-photos/SKAP-15-PLTLIFT-IP.jpg
SKAP-1707	equip	https://zwtnpyjifbdytlektxlc.supabase.co/storage/v1/object/public/loto-photos/LNTCH-SW1-EQ.jpg
SKAP-1707	iso	https://zwtnpyjifbdytlektxlc.supabase.co/storage/v1/object/public/loto-photos/LNTCH-SW1-IP.jpg
SKAP-1807	equip	https://zwtnpyjifbdytlektxlc.supabase.co/storage/v1/object/public/loto-photos/LNTCH-SW1-EQ.jpg
SKAP-1807	iso	https://zwtnpyjifbdytlektxlc.supabase.co/storage/v1/object/public/loto-photos/LNTCH-SW1-IP.jpg
SKAP-201	equip	https://zwtnpyjifbdytlektxlc.supabase.co/storage/v1/object/public/loto-photos/SKAP-1501-EQ.jpg
SKAP-201	iso	https://zwtnpyjifbdytlektxlc.supabase.co/storage/v1/object/public/loto-photos/SKAP-1501-IP.jpg
SKAP-203	equip	https://zwtnpyjifbdytlektxlc.supabase.co/storage/v1/object/public/loto-photos/SKAP-15-CONV-EQ.jpg
SKAP-203	iso	https://zwtnpyjifbdytlektxlc.supabase.co/storage/v1/object/public/loto-photos/FOCKE-1-IP.jpg
SKAP-205	equip	https://zwtnpyjifbdytlektxlc.supabase.co/storage/v1/object/public/loto-photos/FOCKE-1-EQ.jpg
SKAP-205	iso	https://zwtnpyjifbdytlektxlc.supabase.co/storage/v1/object/public/loto-photos/FOCKE-1-IP.jpg
SKAP-207	equip	https://zwtnpyjifbdytlektxlc.supabase.co/storage/v1/object/public/loto-photos/LABELER-EQ.jpg
SKAP-207	iso	https://zwtnpyjifbdytlektxlc.supabase.co/storage/v1/object/public/loto-photos/LABELER-EQ.jpg
SKAP-212	equip	https://zwtnpyjifbdytlektxlc.supabase.co/storage/v1/object/public/loto-photos/FANUC-PLTZKR-EQ-2.jpg
SKAP-212	iso	https://zwtnpyjifbdytlektxlc.supabase.co/storage/v1/object/public/loto-photos/FANUC-PLTZKR-IP-2.jpg
SKAP-214	equip	https://zwtnpyjifbdytlektxlc.supabase.co/storage/v1/object/public/loto-photos/LBLR-1-EQ.jpg
SKAP-214	iso	https://zwtnpyjifbdytlektxlc.supabase.co/storage/v1/object/public/loto-photos/LBLR-1-EQ.jpg
SKAP-301	equip	https://zwtnpyjifbdytlektxlc.supabase.co/storage/v1/object/public/loto-photos/SKAP-1501-EQ.jpg
SKAP-301	iso	https://zwtnpyjifbdytlektxlc.supabase.co/storage/v1/object/public/loto-photos/SKAP-1501-IP.jpg
SKAP-303	equip	https://zwtnpyjifbdytlektxlc.supabase.co/storage/v1/object/public/loto-photos/SKAP-15-CONV-EQ.jpg
SKAP-303	iso	https://zwtnpyjifbdytlektxlc.supabase.co/storage/v1/object/public/loto-photos/FOCKE-3-IP.jpg
SKAP-305	equip	https://zwtnpyjifbdytlektxlc.supabase.co/storage/v1/object/public/loto-photos/FOCKE-3-EQ.jpg
SKAP-305	iso	https://zwtnpyjifbdytlektxlc.supabase.co/storage/v1/object/public/loto-photos/FOCKE-3-IP.jpg
SKAP-307	equip	https://zwtnpyjifbdytlektxlc.supabase.co/storage/v1/object/public/loto-photos/LABELER-EQ.jpg
SKAP-307	iso	https://zwtnpyjifbdytlektxlc.supabase.co/storage/v1/object/public/loto-photos/LABELER-EQ.jpg
SKAP-312	equip	https://zwtnpyjifbdytlektxlc.supabase.co/storage/v1/object/public/loto-photos/FANUC-PLTZKR-EQ-2.jpg
SKAP-312	iso	https://zwtnpyjifbdytlektxlc.supabase.co/storage/v1/object/public/loto-photos/FANUC-PLTZKR-IP-2.jpg
SKAP-314	equip	https://zwtnpyjifbdytlektxlc.supabase.co/storage/v1/object/public/loto-photos/LBLR-1-EQ.jpg
SKAP-314	iso	https://zwtnpyjifbdytlektxlc.supabase.co/storage/v1/object/public/loto-photos/LBLR-1-EQ.jpg
SKAP-401	equip	https://zwtnpyjifbdytlektxlc.supabase.co/storage/v1/object/public/loto-photos/SKAP-1501-EQ.jpg
SKAP-401	iso	https://zwtnpyjifbdytlektxlc.supabase.co/storage/v1/object/public/loto-photos/SKAP-1501-IP.jpg
SKAP-403	equip	https://zwtnpyjifbdytlektxlc.supabase.co/storage/v1/object/public/loto-photos/SKAP-15-CONV-EQ.jpg
SKAP-403	iso	https://zwtnpyjifbdytlektxlc.supabase.co/storage/v1/object/public/loto-photos/FOCKE-1-IP.jpg
SKAP-405	equip	https://zwtnpyjifbdytlektxlc.supabase.co/storage/v1/object/public/loto-photos/FOCKE-1-EQ.jpg
SKAP-405	iso	https://zwtnpyjifbdytlektxlc.supabase.co/storage/v1/object/public/loto-photos/FOCKE-1-IP.jpg
SKAP-407	equip	https://zwtnpyjifbdytlektxlc.supabase.co/storage/v1/object/public/loto-photos/LABELER-EQ.jpg
SKAP-407	iso	https://zwtnpyjifbdytlektxlc.supabase.co/storage/v1/object/public/loto-photos/LABELER-EQ.jpg
SKAP-412	equip	https://zwtnpyjifbdytlektxlc.supabase.co/storage/v1/object/public/loto-photos/FANUC-PLTZKR-EQ-2.jpg
SKAP-412	iso	https://zwtnpyjifbdytlektxlc.supabase.co/storage/v1/object/public/loto-photos/FANUC-PLTZKR-IP-2.jpg
SKAP-414	equip	https://zwtnpyjifbdytlektxlc.supabase.co/storage/v1/object/public/loto-photos/LBLR-1-EQ.jpg
SKAP-414	iso	https://zwtnpyjifbdytlektxlc.supabase.co/storage/v1/object/public/loto-photos/LBLR-1-EQ.jpg
SKAP-501	equip	https://zwtnpyjifbdytlektxlc.supabase.co/storage/v1/object/public/loto-photos/SKAP-1501-EQ.jpg
SKAP-501	iso	https://zwtnpyjifbdytlektxlc.supabase.co/storage/v1/object/public/loto-photos/SKAP-1501-IP.jpg
SKAP-503	equip	https://zwtnpyjifbdytlektxlc.supabase.co/storage/v1/object/public/loto-photos/SKAP-15-CONV-EQ.jpg
SKAP-503	iso	https://zwtnpyjifbdytlektxlc.supabase.co/storage/v1/object/public/loto-photos/FOCKE-5-IP.jpg
SKAP-505	equip	https://zwtnpyjifbdytlektxlc.supabase.co/storage/v1/object/public/loto-photos/FOCKE-5-EQ.jpg
SKAP-505	iso	https://zwtnpyjifbdytlektxlc.supabase.co/storage/v1/object/public/loto-photos/FOCKE-5-IP.jpg
SKAP-507	equip	https://zwtnpyjifbdytlektxlc.supabase.co/storage/v1/object/public/loto-photos/LABELER-EQ.jpg
SKAP-507	iso	https://zwtnpyjifbdytlektxlc.supabase.co/storage/v1/object/public/loto-photos/LABELER-EQ.jpg
SKAP-512	equip	https://zwtnpyjifbdytlektxlc.supabase.co/storage/v1/object/public/loto-photos/FANUC-PLTZKR-EQ-2.jpg
SKAP-512	iso	https://zwtnpyjifbdytlektxlc.supabase.co/storage/v1/object/public/loto-photos/FANUC-PLTZKR-IP-2.jpg
SKAP-514	equip	https://zwtnpyjifbdytlektxlc.supabase.co/storage/v1/object/public/loto-photos/LBLR-1-EQ.jpg
SKAP-514	iso	https://zwtnpyjifbdytlektxlc.supabase.co/storage/v1/object/public/loto-photos/LBLR-1-EQ.jpg
SKAP-601	equip	https://zwtnpyjifbdytlektxlc.supabase.co/storage/v1/object/public/loto-photos/SKAP-1501-EQ.jpg
SKAP-601	iso	https://zwtnpyjifbdytlektxlc.supabase.co/storage/v1/object/public/loto-photos/SKAP-1501-IP.jpg
SKAP-603	equip	https://zwtnpyjifbdytlektxlc.supabase.co/storage/v1/object/public/loto-photos/SKAP-15-CONV-EQ.jpg
SKAP-603	iso	https://zwtnpyjifbdytlektxlc.supabase.co/storage/v1/object/public/loto-photos/FOCKE-6-IP.jpg
SKAP-605	equip	https://zwtnpyjifbdytlektxlc.supabase.co/storage/v1/object/public/loto-photos/FOCKE-6-EQ.jpg
SKAP-605	iso	https://zwtnpyjifbdytlektxlc.supabase.co/storage/v1/object/public/loto-photos/FOCKE-6-IP.jpg
SKAP-607	equip	https://zwtnpyjifbdytlektxlc.supabase.co/storage/v1/object/public/loto-photos/LABELER-EQ.jpg
SKAP-607	iso	https://zwtnpyjifbdytlektxlc.supabase.co/storage/v1/object/public/loto-photos/LABELER-EQ.jpg
SKAP-612	equip	https://zwtnpyjifbdytlektxlc.supabase.co/storage/v1/object/public/loto-photos/FANUC-PLTZKR-EQ-2.jpg
SKAP-612	iso	https://zwtnpyjifbdytlektxlc.supabase.co/storage/v1/object/public/loto-photos/FANUC-PLTZKR-IP-2.jpg
SKAP-614	equip	https://zwtnpyjifbdytlektxlc.supabase.co/storage/v1/object/public/loto-photos/LBLR-1-EQ.jpg
SKAP-614	iso	https://zwtnpyjifbdytlektxlc.supabase.co/storage/v1/object/public/loto-photos/LBLR-1-EQ.jpg
SKAP-701	equip	https://zwtnpyjifbdytlektxlc.supabase.co/storage/v1/object/public/loto-photos/SKAP-1501-EQ.jpg
SKAP-701	iso	https://zwtnpyjifbdytlektxlc.supabase.co/storage/v1/object/public/loto-photos/SKAP-1501-IP.jpg
SKAP-703	equip	https://zwtnpyjifbdytlektxlc.supabase.co/storage/v1/object/public/loto-photos/SKAP-15-CONV-EQ.jpg
SKAP-703	iso	https://zwtnpyjifbdytlektxlc.supabase.co/storage/v1/object/public/loto-photos/FOCKE-1-IP.jpg
SKAP-705	equip	https://zwtnpyjifbdytlektxlc.supabase.co/storage/v1/object/public/loto-photos/FOCKE-1-EQ.jpg
SKAP-705	iso	https://zwtnpyjifbdytlektxlc.supabase.co/storage/v1/object/public/loto-photos/FOCKE-1-IP.jpg
SKAP-707	equip	https://zwtnpyjifbdytlektxlc.supabase.co/storage/v1/object/public/loto-photos/LABELER-EQ.jpg
SKAP-707	iso	https://zwtnpyjifbdytlektxlc.supabase.co/storage/v1/object/public/loto-photos/LABELER-EQ.jpg
SKAP-712	equip	https://zwtnpyjifbdytlektxlc.supabase.co/storage/v1/object/public/loto-photos/FANUC-PLTZKR-EQ-2.jpg
SKAP-712	iso	https://zwtnpyjifbdytlektxlc.supabase.co/storage/v1/object/public/loto-photos/FANUC-PLTZKR-IP-2.jpg
SKAP-714	equip	https://zwtnpyjifbdytlektxlc.supabase.co/storage/v1/object/public/loto-photos/LBLR-1-EQ.jpg
SKAP-714	iso	https://zwtnpyjifbdytlektxlc.supabase.co/storage/v1/object/public/loto-photos/LBLR-1-EQ.jpg
SKAP-801	equip	https://zwtnpyjifbdytlektxlc.supabase.co/storage/v1/object/public/loto-photos/SKAP-1501-EQ.jpg
SKAP-801	iso	https://zwtnpyjifbdytlektxlc.supabase.co/storage/v1/object/public/loto-photos/SKAP-1501-IP.jpg
SKAP-803	equip	https://zwtnpyjifbdytlektxlc.supabase.co/storage/v1/object/public/loto-photos/SKAP-15-CONV-EQ.jpg
SKAP-803	iso	https://zwtnpyjifbdytlektxlc.supabase.co/storage/v1/object/public/loto-photos/FOCKE-8-IP.jpg
SKAP-805	equip	https://zwtnpyjifbdytlektxlc.supabase.co/storage/v1/object/public/loto-photos/FOCKE-8-EQ.jpg
SKAP-805	iso	https://zwtnpyjifbdytlektxlc.supabase.co/storage/v1/object/public/loto-photos/FOCKE-8-IP.jpg
SKAP-807	equip	https://zwtnpyjifbdytlektxlc.supabase.co/storage/v1/object/public/loto-photos/LABELER-EQ.jpg
SKAP-807	iso	https://zwtnpyjifbdytlektxlc.supabase.co/storage/v1/object/public/loto-photos/LABELER-EQ.jpg
SKAP-812	equip	https://zwtnpyjifbdytlektxlc.supabase.co/storage/v1/object/public/loto-photos/FANUC-PLTZKR-EQ-2.jpg
SKAP-812	iso	https://zwtnpyjifbdytlektxlc.supabase.co/storage/v1/object/public/loto-photos/FANUC-PLTZKR-IP-2.jpg
SKAP-814	equip	https://zwtnpyjifbdytlektxlc.supabase.co/storage/v1/object/public/loto-photos/LBLR-1-EQ.jpg
SKAP-814	iso	https://zwtnpyjifbdytlektxlc.supabase.co/storage/v1/object/public/loto-photos/LBLR-1-EQ.jpg
SKAP-901	equip	https://zwtnpyjifbdytlektxlc.supabase.co/storage/v1/object/public/loto-photos/SKAP-1501-EQ.jpg
SKAP-901	iso	https://zwtnpyjifbdytlektxlc.supabase.co/storage/v1/object/public/loto-photos/SKAP-1501-IP.jpg
SKAP-903	equip	https://zwtnpyjifbdytlektxlc.supabase.co/storage/v1/object/public/loto-photos/SKAP-15-CONV-EQ.jpg
SKAP-903	iso	https://zwtnpyjifbdytlektxlc.supabase.co/storage/v1/object/public/loto-photos/FOCKE-9-IP.jpg
SKAP-905	equip	https://zwtnpyjifbdytlektxlc.supabase.co/storage/v1/object/public/loto-photos/FOCKE-9-EQ.jpg
SKAP-905	iso	https://zwtnpyjifbdytlektxlc.supabase.co/storage/v1/object/public/loto-photos/FOCKE-9-IP.jpg
SKAP-907	equip	https://zwtnpyjifbdytlektxlc.supabase.co/storage/v1/object/public/loto-photos/LABELER-EQ.jpg
SKAP-907	iso	https://zwtnpyjifbdytlektxlc.supabase.co/storage/v1/object/public/loto-photos/LABELER-EQ.jpg
SKAP-912	equip	https://zwtnpyjifbdytlektxlc.supabase.co/storage/v1/object/public/loto-photos/FANUC-PLTZKR-EQ-2.jpg
SKAP-912	iso	https://zwtnpyjifbdytlektxlc.supabase.co/storage/v1/object/public/loto-photos/FANUC-PLTZKR-IP-2.jpg
SKAP-914	equip	https://zwtnpyjifbdytlektxlc.supabase.co/storage/v1/object/public/loto-photos/LBLR-1-EQ.jpg
SKAP-914	iso	https://zwtnpyjifbdytlektxlc.supabase.co/storage/v1/object/public/loto-photos/LBLR-1-EQ.jpg
SKBS-000	equip	https://zwtnpyjifbdytlektxlc.supabase.co/storage/v1/object/public/loto-photos/SKBS-000/SKBS-000_EQUIP_2026-04-20T15-42-54Z.jpg
SKBS-000	iso	https://zwtnpyjifbdytlektxlc.supabase.co/storage/v1/object/public/loto-photos/SKBS-000/SKBS-000_ISO_2026-04-20T15-42-58Z.jpg
SKBS-100	equip	https://zwtnpyjifbdytlektxlc.supabase.co/storage/v1/object/public/loto-photos/SKT-CONV-EQ-2.jpg
SKBS-100	iso	https://zwtnpyjifbdytlektxlc.supabase.co/storage/v1/object/public/loto-photos/SKT-CONV-IP-2.jpg
SKCC-200	equip	https://zwtnpyjifbdytlektxlc.supabase.co/storage/v1/object/public/loto-photos/SKCC-200/SKCC-200_EQUIP_1777399350605.jpg
SKCC-200	iso	https://zwtnpyjifbdytlektxlc.supabase.co/storage/v1/object/public/loto-photos/SKCC-200/SKCC-200_ISO_1777399365119.jpg
SKCC-210	equip	https://zwtnpyjifbdytlektxlc.supabase.co/storage/v1/object/public/loto-photos/SKCC-HOPPER-EQ.jpg
SKCC-210	iso	https://zwtnpyjifbdytlektxlc.supabase.co/storage/v1/object/public/loto-photos/SKCC-DISCONNECT-IP.jpg
SKCC-260	equip	https://zwtnpyjifbdytlektxlc.supabase.co/storage/v1/object/public/loto-photos/SKCC-MIXER-EQ.jpg
SKCC-260	iso	https://zwtnpyjifbdytlektxlc.supabase.co/storage/v1/object/public/loto-photos/SKCC-MIXER-IP.jpg
SKCC-500-1	equip	https://zwtnpyjifbdytlektxlc.supabase.co/storage/v1/object/public/loto-photos/SKCC-EXTRUDER-EQ.jpg
SKCC-500-1	iso	https://zwtnpyjifbdytlektxlc.supabase.co/storage/v1/object/public/loto-photos/SKCC-EXT1-IP.jpg
SKCC-500-2	equip	https://zwtnpyjifbdytlektxlc.supabase.co/storage/v1/object/public/loto-photos/SKCC-EXTRUDER-EQ.jpg
SKCC-500-2	iso	https://zwtnpyjifbdytlektxlc.supabase.co/storage/v1/object/public/loto-photos/SKCC-EXT2-IP.jpg
SKCC-500-3	equip	https://zwtnpyjifbdytlektxlc.supabase.co/storage/v1/object/public/loto-photos/SKCC-EXTRUDER-EQ.jpg
SKCC-500-3	iso	https://zwtnpyjifbdytlektxlc.supabase.co/storage/v1/object/public/loto-photos/SKCC-EXT3-IP.jpg
SKCC-500-4	equip	https://zwtnpyjifbdytlektxlc.supabase.co/storage/v1/object/public/loto-photos/SKCC-EXTRUDER-EQ.jpg
SKCC-500-4	iso	https://zwtnpyjifbdytlektxlc.supabase.co/storage/v1/object/public/loto-photos/SKCC-EXT4-IP.jpg
SKCC-560	equip	https://zwtnpyjifbdytlektxlc.supabase.co/storage/v1/object/public/loto-photos/SKCC-560-EQ.jpg
SKCC-560	iso	https://zwtnpyjifbdytlektxlc.supabase.co/storage/v1/object/public/loto-photos/SKCC-560/SKCC-560_ISO_1777399673274.jpg
SKCC-570	equip	https://zwtnpyjifbdytlektxlc.supabase.co/storage/v1/object/public/loto-photos/SKCC-FLEXCENTRIC-EQ.jpg
SKCC-570	iso	https://zwtnpyjifbdytlektxlc.supabase.co/storage/v1/object/public/loto-photos/SKCC-570-IP.jpg
SKCC-580	equip	https://zwtnpyjifbdytlektxlc.supabase.co/storage/v1/object/public/loto-photos/SKCC-580-EQ.jpg
SKCC-580	iso	https://zwtnpyjifbdytlektxlc.supabase.co/storage/v1/object/public/loto-photos/SKCC-PUMP-IP.jpg
SKCC-610	equip	https://zwtnpyjifbdytlektxlc.supabase.co/storage/v1/object/public/loto-photos/SKCC-FRYER-EQ.jpg
SKCC-610	iso	https://zwtnpyjifbdytlektxlc.supabase.co/storage/v1/object/public/loto-photos/SKCC-610/SKCC-610_ISO_1777399488884.jpg
SKCC-650	equip	https://zwtnpyjifbdytlektxlc.supabase.co/storage/v1/object/public/loto-photos/SKCC-650-EQ.jpg
SKCC-650	iso	https://zwtnpyjifbdytlektxlc.supabase.co/storage/v1/object/public/loto-photos/SKCC-CONV-IP.jpg
SKCC-680	equip	https://zwtnpyjifbdytlektxlc.supabase.co/storage/v1/object/public/loto-photos/SKCC-OVEN-EQ.jpg
SKCC-680	iso	https://zwtnpyjifbdytlektxlc.supabase.co/storage/v1/object/public/loto-photos/SKCC-DISCONNECT-IP.jpg
SKCC-800	equip	https://zwtnpyjifbdytlektxlc.supabase.co/storage/v1/object/public/loto-photos/SKCC-CONV-EQ.jpg
SKCC-800	iso	https://zwtnpyjifbdytlektxlc.supabase.co/storage/v1/object/public/loto-photos/SKCC-CONV-IP.jpg
SKCC-820	equip	https://zwtnpyjifbdytlektxlc.supabase.co/storage/v1/object/public/loto-photos/SKCC-FASTBACK-EQ.jpg
SKCC-820	iso	https://zwtnpyjifbdytlektxlc.supabase.co/storage/v1/object/public/loto-photos/SKCC-FASTBACK-IP.jpg
SKCC-830	equip	https://zwtnpyjifbdytlektxlc.supabase.co/storage/v1/object/public/loto-photos/SKCC-SEASONER-EQ.jpg
SKCC-830	iso	https://zwtnpyjifbdytlektxlc.supabase.co/storage/v1/object/public/loto-photos/SKCC-830/SKCC-830_ISO_1777399854468.jpg
SKCC-840	equip	https://zwtnpyjifbdytlektxlc.supabase.co/storage/v1/object/public/loto-photos/SKKC-BUCKETLIFT-EQ.jpg
SKCC-840	iso	https://zwtnpyjifbdytlektxlc.supabase.co/storage/v1/object/public/loto-photos/SKKC-BUCKETLIFT-IP.jpg
SKCC-850	equip	https://zwtnpyjifbdytlektxlc.supabase.co/storage/v1/object/public/loto-photos/SKCC-HOPPER-EQ.jpg
SKCC-850	iso	https://zwtnpyjifbdytlektxlc.supabase.co/storage/v1/object/public/loto-photos/SKCC-DISCONNECT-IP.jpg
SKCC-860	equip	https://zwtnpyjifbdytlektxlc.supabase.co/storage/v1/object/public/loto-photos/SKCC-INCLINE-EQ.jpg
SKCC-860	iso	https://zwtnpyjifbdytlektxlc.supabase.co/storage/v1/object/public/loto-photos/SKCC-CONV-IP.jpg
SKCC-870	equip	https://zwtnpyjifbdytlektxlc.supabase.co/storage/v1/object/public/loto-photos/SKCC-MIXKETTLE-EQ.jpg
SKCC-870	iso	https://zwtnpyjifbdytlektxlc.supabase.co/storage/v1/object/public/loto-photos/SKCC-MAIN-IP.jpg
SKKC-100	equip	https://zwtnpyjifbdytlektxlc.supabase.co/storage/v1/object/public/loto-photos/ae3f1973-4c3e-4b6e-b91f-9de5ff10529e/SKKC-100/SKKC-100_EQUIP_v2.jpg
SKKC-100	iso	https://zwtnpyjifbdytlektxlc.supabase.co/storage/v1/object/public/loto-photos/SKKC-KETTLE-IP.jpg
SKKC-120	equip	https://zwtnpyjifbdytlektxlc.supabase.co/storage/v1/object/public/loto-photos/SKKC-KETTLE-EQ.jpg
SKKC-120	iso	https://zwtnpyjifbdytlektxlc.supabase.co/storage/v1/object/public/loto-photos/SKKC-120-IP.jpg
SKKC-140	equip	https://zwtnpyjifbdytlektxlc.supabase.co/storage/v1/object/public/loto-photos/ae3f1973-4c3e-4b6e-b91f-9de5ff10529e/SKKC-140/SKKC-140_EQUIP_v2.jpg
SKKC-140	iso	https://zwtnpyjifbdytlektxlc.supabase.co/storage/v1/object/public/loto-photos/ae3f1973-4c3e-4b6e-b91f-9de5ff10529e/SKKC-140/SKKC-140_ISO_v2.jpg
SKKC-200	equip	https://zwtnpyjifbdytlektxlc.supabase.co/storage/v1/object/public/loto-photos/ae3f1973-4c3e-4b6e-b91f-9de5ff10529e/SKKC-200/SKKC-200_EQUIP_v2.jpg
SKKC-200	iso	https://zwtnpyjifbdytlektxlc.supabase.co/storage/v1/object/public/loto-photos/SKKC-200-IP.jpg
SKKC-220	equip	https://zwtnpyjifbdytlektxlc.supabase.co/storage/v1/object/public/loto-photos/SKKC-OILTANK-EQ.jpg
SKKC-220	iso	https://zwtnpyjifbdytlektxlc.supabase.co/storage/v1/object/public/loto-photos/SKKC-MIX-IP.jpg
SKKC-260	equip	https://zwtnpyjifbdytlektxlc.supabase.co/storage/v1/object/public/loto-photos/SKKC-260-EQ.jpg
SKKC-260	iso	https://zwtnpyjifbdytlektxlc.supabase.co/storage/v1/object/public/loto-photos/SKKC-140-DISC-IP.jpg
SKKC-340	equip	https://zwtnpyjifbdytlektxlc.supabase.co/storage/v1/object/public/loto-photos/SKKC-BUCKETLIFT-EQ.jpg
SKKC-340	iso	https://zwtnpyjifbdytlektxlc.supabase.co/storage/v1/object/public/loto-photos/SKKC-BUCKETLIFT-IP.jpg
SKPC-830	equip	https://zwtnpyjifbdytlektxlc.supabase.co/storage/v1/object/public/loto-photos/SKCC-SEASONER-EQ.jpg
SKPC-830	iso	https://zwtnpyjifbdytlektxlc.supabase.co/storage/v1/object/public/loto-photos/SKCC-SEASONER-IP.jpg
SKPC-840	equip	https://zwtnpyjifbdytlektxlc.supabase.co/storage/v1/object/public/loto-photos/SKCC-MIXKETTLE-EQ.jpg
SKPC-840	iso	https://zwtnpyjifbdytlektxlc.supabase.co/storage/v1/object/public/loto-photos/SKCC-MAIN-IP.jpg
SKPC-850	equip	https://zwtnpyjifbdytlektxlc.supabase.co/storage/v1/object/public/loto-photos/SKCC-PUMP-EQ.jpg
SKPC-850	iso	https://zwtnpyjifbdytlektxlc.supabase.co/storage/v1/object/public/loto-photos/SKCC-PUMP-IP.jpg
SKPC-860	equip	https://zwtnpyjifbdytlektxlc.supabase.co/storage/v1/object/public/loto-photos/SKCC-MIXKETTLE-EQ.jpg
SKPC-860	iso	https://zwtnpyjifbdytlektxlc.supabase.co/storage/v1/object/public/loto-photos/SKCC-MAIN-IP.jpg
SKPC-870	equip	https://zwtnpyjifbdytlektxlc.supabase.co/storage/v1/object/public/loto-photos/SKCC-PUMP-EQ.jpg
SKPC-870	iso	https://zwtnpyjifbdytlektxlc.supabase.co/storage/v1/object/public/loto-photos/SKCC-PUMP-IP.jpg
SKPC-880	equip	https://zwtnpyjifbdytlektxlc.supabase.co/storage/v1/object/public/loto-photos/JEGN-970-EQ.jpg
SKPC-880	iso	https://zwtnpyjifbdytlektxlc.supabase.co/storage/v1/object/public/loto-photos/JEGN-940-IP.jpg
SKPC-890	equip	https://zwtnpyjifbdytlektxlc.supabase.co/storage/v1/object/public/loto-photos/SKT-CONV-EQ-2.jpg
SKPC-890	iso	https://zwtnpyjifbdytlektxlc.supabase.co/storage/v1/object/public/loto-photos/SKT-CONV-IP-2.jpg
SKPF-210	equip	https://zwtnpyjifbdytlektxlc.supabase.co/storage/v1/object/public/loto-photos/SKCC-HOPPER-EQ.jpg
SKPF-210	iso	https://zwtnpyjifbdytlektxlc.supabase.co/storage/v1/object/public/loto-photos/SKCC-DISCONNECT-IP.jpg
SKPF-220	equip	https://zwtnpyjifbdytlektxlc.supabase.co/storage/v1/object/public/loto-photos/SKCC-MIXER-EQ.jpg
SKPF-220	iso	https://zwtnpyjifbdytlektxlc.supabase.co/storage/v1/object/public/loto-photos/SKCC-MIXER-IP.jpg
SKPF-500	equip	https://zwtnpyjifbdytlektxlc.supabase.co/storage/v1/object/public/loto-photos/SKPF_EXT1_IMG_0422.jpg
SKPF-500	iso	https://zwtnpyjifbdytlektxlc.supabase.co/storage/v1/object/public/loto-photos/SKPF-500-IP.jpg
SKPF-510	equip	https://zwtnpyjifbdytlektxlc.supabase.co/storage/v1/object/public/loto-photos/SKPF-EXTRUDER-EQ.jpg
SKPF-510	iso	https://zwtnpyjifbdytlektxlc.supabase.co/storage/v1/object/public/loto-photos/SKPF-500-IP.jpg
SKPF-520	equip	https://zwtnpyjifbdytlektxlc.supabase.co/storage/v1/object/public/loto-photos/SKPF5200-EQ.jpg
SKPF-520	iso	https://zwtnpyjifbdytlektxlc.supabase.co/storage/v1/object/public/loto-photos/SKPF5200-IP.jpg
SKPF-530	equip	https://zwtnpyjifbdytlektxlc.supabase.co/storage/v1/object/public/loto-photos/SKPF_EXT2_IMG_0428.jpg
SKPF-530	iso	https://zwtnpyjifbdytlektxlc.supabase.co/storage/v1/object/public/loto-photos/SKPF-500-IP.jpg
SKPF-540	equip	https://zwtnpyjifbdytlektxlc.supabase.co/storage/v1/object/public/loto-photos/SKCC-CONV-EQ.jpg
SKPF-540	iso	https://zwtnpyjifbdytlektxlc.supabase.co/storage/v1/object/public/loto-photos/SKCC-DISCONNECT-IP.jpg
SKPF-570	equip	https://zwtnpyjifbdytlektxlc.supabase.co/storage/v1/object/public/loto-photos/SKCC-CONV-EQ.jpg
SKPF-570	iso	https://zwtnpyjifbdytlektxlc.supabase.co/storage/v1/object/public/loto-photos/SKCC-CONV-IP.jpg
SKPF-580	equip	https://zwtnpyjifbdytlektxlc.supabase.co/storage/v1/object/public/loto-photos/SKCC-CONV-EQ.jpg
SKPF-580	iso	https://zwtnpyjifbdytlektxlc.supabase.co/storage/v1/object/public/loto-photos/SKCC-CONV-IP.jpg
SKPF-590	equip	https://zwtnpyjifbdytlektxlc.supabase.co/storage/v1/object/public/loto-photos/SKCC-CONV-EQ.jpg
SKPF-590	iso	https://zwtnpyjifbdytlektxlc.supabase.co/storage/v1/object/public/loto-photos/SKCC-CONV-IP.jpg
SKPF-600	equip	https://zwtnpyjifbdytlektxlc.supabase.co/storage/v1/object/public/loto-photos/SKKC-BUCKETLIFT-EQ.jpg
SKPF-600	iso	https://zwtnpyjifbdytlektxlc.supabase.co/storage/v1/object/public/loto-photos/SKKC-BUCKETLIFT-IP.jpg
SKPF-610	equip	https://zwtnpyjifbdytlektxlc.supabase.co/storage/v1/object/public/loto-photos/SKPF6100-EQ.jpg
SKPF-610	iso	https://zwtnpyjifbdytlektxlc.supabase.co/storage/v1/object/public/loto-photos/SKPF6100-IP.jpg
SKPF-620	equip	https://zwtnpyjifbdytlektxlc.supabase.co/storage/v1/object/public/loto-photos/SKCC-CONV-EQ.jpg
SKPF-620	iso	https://zwtnpyjifbdytlektxlc.supabase.co/storage/v1/object/public/loto-photos/SKCC-DISCONNECT-IP.jpg
SKPF-800	equip	https://zwtnpyjifbdytlektxlc.supabase.co/storage/v1/object/public/loto-photos/SKCC-CONV-EQ.jpg
SKPF-800	iso	https://zwtnpyjifbdytlektxlc.supabase.co/storage/v1/object/public/loto-photos/SKCC-CONV-IP.jpg
SKPF-810	equip	https://zwtnpyjifbdytlektxlc.supabase.co/storage/v1/object/public/loto-photos/SKPF-8100-EQ.jpg
SKPF-810	iso	https://zwtnpyjifbdytlektxlc.supabase.co/storage/v1/object/public/loto-photos/SKPF8100-IP.jpg
SKPF-820	equip	https://zwtnpyjifbdytlektxlc.supabase.co/storage/v1/object/public/loto-photos/SKCC-SEASONER-EQ.jpg
SKPF-820	iso	https://zwtnpyjifbdytlektxlc.supabase.co/storage/v1/object/public/loto-photos/SKCC-SEASONER-IP.jpg
SKPF-830	equip	https://zwtnpyjifbdytlektxlc.supabase.co/storage/v1/object/public/loto-photos/SKCC-CONV-EQ.jpg
SKPF-830	iso	https://zwtnpyjifbdytlektxlc.supabase.co/storage/v1/object/public/loto-photos/SKCC-DISCONNECT-IP.jpg
SKPF-830-2	equip	https://zwtnpyjifbdytlektxlc.supabase.co/storage/v1/object/public/loto-photos/SKKC-BUCKETLIFT-EQ-2.jpg
SKPF-830-2	iso	https://zwtnpyjifbdytlektxlc.supabase.co/storage/v1/object/public/loto-photos/SKKC-BUCKETLIFT-IP-2.jpg
SKPF-840	equip	https://zwtnpyjifbdytlektxlc.supabase.co/storage/v1/object/public/loto-photos/SKCC-HOPPER-EQ.jpg
SKPF-840	iso	https://zwtnpyjifbdytlektxlc.supabase.co/storage/v1/object/public/loto-photos/SKCC-DISCONNECT-IP.jpg
SKPF-850	equip	https://zwtnpyjifbdytlektxlc.supabase.co/storage/v1/object/public/loto-photos/SKPF-850-EQ.jpg
SKPF-850	iso	https://zwtnpyjifbdytlektxlc.supabase.co/storage/v1/object/public/loto-photos/SKPF8500-IP-2.jpg
SKPF-890	equip	https://zwtnpyjifbdytlektxlc.supabase.co/storage/v1/object/public/loto-photos/SKCC-CONV-EQ.jpg
SKPF-890	iso	https://zwtnpyjifbdytlektxlc.supabase.co/storage/v1/object/public/loto-photos/SKCC-CONV-IP.jpg
SKPF-900	equip	https://zwtnpyjifbdytlektxlc.supabase.co/storage/v1/object/public/loto-photos/SKCC-CONV-EQ.jpg
SKPF-900	iso	https://zwtnpyjifbdytlektxlc.supabase.co/storage/v1/object/public/loto-photos/SKCC-CONV-IP.jpg
SKPK-101	equip	https://zwtnpyjifbdytlektxlc.supabase.co/storage/v1/object/public/loto-photos/USPK102-CASESEAL-EQ.jpg
SKPK-101	iso	https://zwtnpyjifbdytlektxlc.supabase.co/storage/v1/object/public/loto-photos/USPK102-CASESEAL-IP.jpg
SKPK-102	equip	https://zwtnpyjifbdytlektxlc.supabase.co/storage/v1/object/public/loto-photos/USPK102-CASESEAL-EQ.jpg
SKPK-102	iso	https://zwtnpyjifbdytlektxlc.supabase.co/storage/v1/object/public/loto-photos/USPK102-CASESEAL-IP.jpg
SKPK-103	equip	https://zwtnpyjifbdytlektxlc.supabase.co/storage/v1/object/public/loto-photos/USPK102-CASESEAL-EQ.jpg
SKPK-103	iso	https://zwtnpyjifbdytlektxlc.supabase.co/storage/v1/object/public/loto-photos/USPK102-CASESEAL-IP.jpg
SKPK-104	equip	https://zwtnpyjifbdytlektxlc.supabase.co/storage/v1/object/public/loto-photos/USPK102-CASESEAL-EQ.jpg
SKPK-104	iso	https://zwtnpyjifbdytlektxlc.supabase.co/storage/v1/object/public/loto-photos/USPK102-CASESEAL-IP.jpg
SKPK-105	equip	https://zwtnpyjifbdytlektxlc.supabase.co/storage/v1/object/public/loto-photos/USPK102-CASESEAL-EQ.jpg
SKPK-105	iso	https://zwtnpyjifbdytlektxlc.supabase.co/storage/v1/object/public/loto-photos/USPK102-CASESEAL-IP.jpg
SKPK-106	equip	https://zwtnpyjifbdytlektxlc.supabase.co/storage/v1/object/public/loto-photos/USPK102-CASESEAL-EQ.jpg
SKPK-106	iso	https://zwtnpyjifbdytlektxlc.supabase.co/storage/v1/object/public/loto-photos/USPK102-CASESEAL-IP.jpg
SKPK-107	equip	https://zwtnpyjifbdytlektxlc.supabase.co/storage/v1/object/public/loto-photos/USPK102-CASESEAL-EQ.jpg
SKPK-107	iso	https://zwtnpyjifbdytlektxlc.supabase.co/storage/v1/object/public/loto-photos/USPK102-CASESEAL-IP.jpg
SKPK-108	equip	https://zwtnpyjifbdytlektxlc.supabase.co/storage/v1/object/public/loto-photos/USPK102-CASESEAL-EQ.jpg
SKPK-108	iso	https://zwtnpyjifbdytlektxlc.supabase.co/storage/v1/object/public/loto-photos/USPK102-CASESEAL-IP.jpg
SKPK-109	equip	https://zwtnpyjifbdytlektxlc.supabase.co/storage/v1/object/public/loto-photos/USPK102-CASESEAL-EQ.jpg
SKPK-109	iso	https://zwtnpyjifbdytlektxlc.supabase.co/storage/v1/object/public/loto-photos/USPK102-CASESEAL-IP.jpg
SKPK-110	equip	https://zwtnpyjifbdytlektxlc.supabase.co/storage/v1/object/public/loto-photos/USPK102-CASESEAL-EQ.jpg
SKPK-110	iso	https://zwtnpyjifbdytlektxlc.supabase.co/storage/v1/object/public/loto-photos/USPK102-CASESEAL-IP.jpg
SKPK-111	equip	https://zwtnpyjifbdytlektxlc.supabase.co/storage/v1/object/public/loto-photos/USPK102-CASESEAL-EQ.jpg
SKPK-111	iso	https://zwtnpyjifbdytlektxlc.supabase.co/storage/v1/object/public/loto-photos/USPK102-CASESEAL-IP.jpg
SKPK-112	equip	https://zwtnpyjifbdytlektxlc.supabase.co/storage/v1/object/public/loto-photos/SKPK-112/SKPK-112_EQUIP_2026-04-20T21-06-13Z.jpg
SKPK-112	iso	https://zwtnpyjifbdytlektxlc.supabase.co/storage/v1/object/public/loto-photos/SKPK-112/SKPK-112_ISO_2026-04-20T21-06-15Z.jpg
SKPK-113	equip	https://zwtnpyjifbdytlektxlc.supabase.co/storage/v1/object/public/loto-photos/USPK102-CASESEAL-EQ.jpg
SKPK-113	iso	https://zwtnpyjifbdytlektxlc.supabase.co/storage/v1/object/public/loto-photos/USPK102-CASESEAL-IP.jpg
SKPK-114	equip	https://zwtnpyjifbdytlektxlc.supabase.co/storage/v1/object/public/loto-photos/USPK102-CASESEAL-EQ.jpg
SKPK-114	iso	https://zwtnpyjifbdytlektxlc.supabase.co/storage/v1/object/public/loto-photos/USPK102-CASESEAL-IP.jpg
SKPK-115	equip	https://zwtnpyjifbdytlektxlc.supabase.co/storage/v1/object/public/loto-photos/USPK102-CASESEAL-EQ.jpg
SKPK-115	iso	https://zwtnpyjifbdytlektxlc.supabase.co/storage/v1/object/public/loto-photos/USPK102-CASESEAL-IP.jpg
SKPK-116	equip	https://zwtnpyjifbdytlektxlc.supabase.co/storage/v1/object/public/loto-photos/USPK102-CASESEAL-EQ.jpg
SKPK-116	iso	https://zwtnpyjifbdytlektxlc.supabase.co/storage/v1/object/public/loto-photos/USPK102-CASESEAL-IP.jpg
SKPK-117	equip	https://zwtnpyjifbdytlektxlc.supabase.co/storage/v1/object/public/loto-photos/USPK102-CASESEAL-EQ.jpg
SKPK-117	iso	https://zwtnpyjifbdytlektxlc.supabase.co/storage/v1/object/public/loto-photos/USPK102-CASESEAL-IP.jpg
SKPK-118	equip	https://zwtnpyjifbdytlektxlc.supabase.co/storage/v1/object/public/loto-photos/USPK102-CASESEAL-EQ.jpg
SKPK-118	iso	https://zwtnpyjifbdytlektxlc.supabase.co/storage/v1/object/public/loto-photos/USPK102-CASESEAL-IP.jpg
SKPK-119	equip	https://zwtnpyjifbdytlektxlc.supabase.co/storage/v1/object/public/loto-photos/USPK102-CASESEAL-EQ.jpg
SKPK-119	iso	https://zwtnpyjifbdytlektxlc.supabase.co/storage/v1/object/public/loto-photos/USPK102-CASESEAL-IP.jpg
SKPK-120	equip	https://zwtnpyjifbdytlektxlc.supabase.co/storage/v1/object/public/loto-photos/USPK102-CASESEAL-EQ.jpg
SKPK-120	iso	https://zwtnpyjifbdytlektxlc.supabase.co/storage/v1/object/public/loto-photos/USPK102-CASESEAL-IP.jpg
SKPK-201	equip	https://zwtnpyjifbdytlektxlc.supabase.co/storage/v1/object/public/loto-photos/SKPK-201-EQ.jpg
SKPK-201	iso	https://zwtnpyjifbdytlektxlc.supabase.co/storage/v1/object/public/loto-photos/SKPK-205-IP.jpg
SKPK-303	equip	https://zwtnpyjifbdytlektxlc.supabase.co/storage/v1/object/public/loto-photos/SKPK-303-EQ.jpg
SKPK-303	iso	https://zwtnpyjifbdytlektxlc.supabase.co/storage/v1/object/public/loto-photos/SKCC-FASTBACK-IP.jpg
SKPK-321	equip	https://zwtnpyjifbdytlektxlc.supabase.co/storage/v1/object/public/loto-photos/SKPK-321-EQ.jpg
SKPK-321	iso	https://zwtnpyjifbdytlektxlc.supabase.co/storage/v1/object/public/loto-photos/SKPK-321-IP.jpg
SKPK-331	equip	https://zwtnpyjifbdytlektxlc.supabase.co/storage/v1/object/public/loto-photos/SKPK-331-EQ.jpg
SKPK-331	iso	https://zwtnpyjifbdytlektxlc.supabase.co/storage/v1/object/public/loto-photos/SKPK-331-IP.jpg
SKPK-401	equip	https://zwtnpyjifbdytlektxlc.supabase.co/storage/v1/object/public/loto-photos/SKPK-401-EQ.jpg
SKPK-401	iso	https://zwtnpyjifbdytlektxlc.supabase.co/storage/v1/object/public/loto-photos/SKPK-401-IP.jpg
SKPK-402	equip	https://zwtnpyjifbdytlektxlc.supabase.co/storage/v1/object/public/loto-photos/SKPK-401-EQ.jpg
SKPK-402	iso	https://zwtnpyjifbdytlektxlc.supabase.co/storage/v1/object/public/loto-photos/SKPK-401-IP.jpg
SKPK-403	equip	https://zwtnpyjifbdytlektxlc.supabase.co/storage/v1/object/public/loto-photos/SKPK-401-EQ.jpg
SKPK-403	iso	https://zwtnpyjifbdytlektxlc.supabase.co/storage/v1/object/public/loto-photos/SKPK-401-IP.jpg
SKPK-404	equip	https://zwtnpyjifbdytlektxlc.supabase.co/storage/v1/object/public/loto-photos/SKPK-401-EQ.jpg
SKPK-404	iso	https://zwtnpyjifbdytlektxlc.supabase.co/storage/v1/object/public/loto-photos/SKPK-401-IP.jpg
SKPK-405	equip	https://zwtnpyjifbdytlektxlc.supabase.co/storage/v1/object/public/loto-photos/SKPK-401-EQ.jpg
SKPK-405	iso	https://zwtnpyjifbdytlektxlc.supabase.co/storage/v1/object/public/loto-photos/SKPK-401-IP.jpg
SKPK-406	equip	https://zwtnpyjifbdytlektxlc.supabase.co/storage/v1/object/public/loto-photos/SKPK-401-EQ.jpg
SKPK-406	iso	https://zwtnpyjifbdytlektxlc.supabase.co/storage/v1/object/public/loto-photos/SKPK-401-IP.jpg
SKPK-407	equip	https://zwtnpyjifbdytlektxlc.supabase.co/storage/v1/object/public/loto-photos/SKPK-401-EQ.jpg
SKPK-407	iso	https://zwtnpyjifbdytlektxlc.supabase.co/storage/v1/object/public/loto-photos/SKPK-401-IP.jpg
SKPK-408	equip	https://zwtnpyjifbdytlektxlc.supabase.co/storage/v1/object/public/loto-photos/SKPK-401-EQ.jpg
SKPK-408	iso	https://zwtnpyjifbdytlektxlc.supabase.co/storage/v1/object/public/loto-photos/SKPK-401-IP.jpg
SKPK-409	equip	https://zwtnpyjifbdytlektxlc.supabase.co/storage/v1/object/public/loto-photos/SKPK-401-EQ.jpg
SKPK-409	iso	https://zwtnpyjifbdytlektxlc.supabase.co/storage/v1/object/public/loto-photos/SKPK-401-IP.jpg
SKPK-410	equip	https://zwtnpyjifbdytlektxlc.supabase.co/storage/v1/object/public/loto-photos/SKPK-401-EQ.jpg
SKPK-410	iso	https://zwtnpyjifbdytlektxlc.supabase.co/storage/v1/object/public/loto-photos/SKPK-401-IP.jpg
SKPK-411	equip	https://zwtnpyjifbdytlektxlc.supabase.co/storage/v1/object/public/loto-photos/SKPK-401-EQ.jpg
SKPK-411	iso	https://zwtnpyjifbdytlektxlc.supabase.co/storage/v1/object/public/loto-photos/SKPK-401-IP.jpg
SKPK-412	equip	https://zwtnpyjifbdytlektxlc.supabase.co/storage/v1/object/public/loto-photos/SKPK-401-EQ.jpg
SKPK-412	iso	https://zwtnpyjifbdytlektxlc.supabase.co/storage/v1/object/public/loto-photos/SKPK-401-IP.jpg
SKPK-413	equip	https://zwtnpyjifbdytlektxlc.supabase.co/storage/v1/object/public/loto-photos/SKPK-401-EQ.jpg
SKPK-413	iso	https://zwtnpyjifbdytlektxlc.supabase.co/storage/v1/object/public/loto-photos/SKPK-401-IP.jpg
SKPK-414	equip	https://zwtnpyjifbdytlektxlc.supabase.co/storage/v1/object/public/loto-photos/SKPK-401-EQ.jpg
SKPK-414	iso	https://zwtnpyjifbdytlektxlc.supabase.co/storage/v1/object/public/loto-photos/SKPK-401-IP.jpg
SKPK-508	equip	https://zwtnpyjifbdytlektxlc.supabase.co/storage/v1/object/public/loto-photos/SKAP-1501-EQ.jpg
SKPK-508	iso	https://zwtnpyjifbdytlektxlc.supabase.co/storage/v1/object/public/loto-photos/SKAP-1501-IP.jpg
SKPK-509	equip	https://zwtnpyjifbdytlektxlc.supabase.co/storage/v1/object/public/loto-photos/SKAP-1501-EQ.jpg
SKPK-509	iso	https://zwtnpyjifbdytlektxlc.supabase.co/storage/v1/object/public/loto-photos/SKAP-1501-IP.jpg
SKPK-701	equip	https://zwtnpyjifbdytlektxlc.supabase.co/storage/v1/object/public/loto-photos/SKPK-718-EQ.jpg
SKPK-701	iso	https://zwtnpyjifbdytlektxlc.supabase.co/storage/v1/object/public/loto-photos/SKPK-718-IP.jpg
SKPK-702	equip	https://zwtnpyjifbdytlektxlc.supabase.co/storage/v1/object/public/loto-photos/SKPK-718-EQ.jpg
SKPK-702	iso	https://zwtnpyjifbdytlektxlc.supabase.co/storage/v1/object/public/loto-photos/SKPK-718-IP.jpg
SKPK-703	equip	https://zwtnpyjifbdytlektxlc.supabase.co/storage/v1/object/public/loto-photos/SKPK-718-EQ.jpg
SKPK-703	iso	https://zwtnpyjifbdytlektxlc.supabase.co/storage/v1/object/public/loto-photos/SKPK-718-IP.jpg
SKPK-704	equip	https://zwtnpyjifbdytlektxlc.supabase.co/storage/v1/object/public/loto-photos/SKPK-718-EQ.jpg
SKPK-704	iso	https://zwtnpyjifbdytlektxlc.supabase.co/storage/v1/object/public/loto-photos/SKPK-718-IP.jpg
SKPK-705	equip	https://zwtnpyjifbdytlektxlc.supabase.co/storage/v1/object/public/loto-photos/SKPK-718-EQ.jpg
SKPK-705	iso	https://zwtnpyjifbdytlektxlc.supabase.co/storage/v1/object/public/loto-photos/SKPK-718-IP.jpg
SKPK-706	equip	https://zwtnpyjifbdytlektxlc.supabase.co/storage/v1/object/public/loto-photos/SKPK-718-EQ.jpg
SKPK-706	iso	https://zwtnpyjifbdytlektxlc.supabase.co/storage/v1/object/public/loto-photos/SKPK-718-IP.jpg
SKPK-707	equip	https://zwtnpyjifbdytlektxlc.supabase.co/storage/v1/object/public/loto-photos/SKPK-718-EQ.jpg
SKPK-707	iso	https://zwtnpyjifbdytlektxlc.supabase.co/storage/v1/object/public/loto-photos/SKPK-718-IP.jpg
SKPK-708	equip	https://zwtnpyjifbdytlektxlc.supabase.co/storage/v1/object/public/loto-photos/SKPK-718-EQ.jpg
SKPK-708	iso	https://zwtnpyjifbdytlektxlc.supabase.co/storage/v1/object/public/loto-photos/SKPK-718-IP.jpg
SKPK-709	equip	https://zwtnpyjifbdytlektxlc.supabase.co/storage/v1/object/public/loto-photos/SKPK-718-EQ.jpg
SKPK-709	iso	https://zwtnpyjifbdytlektxlc.supabase.co/storage/v1/object/public/loto-photos/SKPK-718-IP.jpg
SKPK-710	equip	https://zwtnpyjifbdytlektxlc.supabase.co/storage/v1/object/public/loto-photos/SKPK-718-EQ.jpg
SKPK-710	iso	https://zwtnpyjifbdytlektxlc.supabase.co/storage/v1/object/public/loto-photos/SKPK-718-IP.jpg
SKPK-711	equip	https://zwtnpyjifbdytlektxlc.supabase.co/storage/v1/object/public/loto-photos/SKPK-718-EQ.jpg
SKPK-711	iso	https://zwtnpyjifbdytlektxlc.supabase.co/storage/v1/object/public/loto-photos/SKPK-718-IP.jpg
SKPK-712	equip	https://zwtnpyjifbdytlektxlc.supabase.co/storage/v1/object/public/loto-photos/SKPK-718-EQ.jpg
SKPK-712	iso	https://zwtnpyjifbdytlektxlc.supabase.co/storage/v1/object/public/loto-photos/SKPK-718-IP.jpg
SKPK-713	equip	https://zwtnpyjifbdytlektxlc.supabase.co/storage/v1/object/public/loto-photos/SKPK-718-EQ.jpg
SKPK-713	iso	https://zwtnpyjifbdytlektxlc.supabase.co/storage/v1/object/public/loto-photos/SKPK-718-IP.jpg
SKPK-714	equip	https://zwtnpyjifbdytlektxlc.supabase.co/storage/v1/object/public/loto-photos/SKPK-718-EQ.jpg
SKPK-714	iso	https://zwtnpyjifbdytlektxlc.supabase.co/storage/v1/object/public/loto-photos/SKPK-718-IP.jpg
SKPK-718	equip	https://zwtnpyjifbdytlektxlc.supabase.co/storage/v1/object/public/loto-photos/SKPK-718-EQ.jpg
SKPK-718	iso	https://zwtnpyjifbdytlektxlc.supabase.co/storage/v1/object/public/loto-photos/SKPK-718-IP.jpg
SKPK-719	equip	https://zwtnpyjifbdytlektxlc.supabase.co/storage/v1/object/public/loto-photos/SKPK-718-EQ.jpg
SKPK-719	iso	https://zwtnpyjifbdytlektxlc.supabase.co/storage/v1/object/public/loto-photos/SKPK-718-IP.jpg
SKPK-720	equip	https://zwtnpyjifbdytlektxlc.supabase.co/storage/v1/object/public/loto-photos/SKPK-718-EQ.jpg
SKPK-720	iso	https://zwtnpyjifbdytlektxlc.supabase.co/storage/v1/object/public/loto-photos/SKPK-718-IP.jpg
SKPK-721	equip	https://zwtnpyjifbdytlektxlc.supabase.co/storage/v1/object/public/loto-photos/SKPK-718-EQ.jpg
SKPK-721	iso	https://zwtnpyjifbdytlektxlc.supabase.co/storage/v1/object/public/loto-photos/SKPK-718-IP.jpg
SKPO-101	equip	https://zwtnpyjifbdytlektxlc.supabase.co/storage/v1/object/public/loto-photos/SKPO-101-NPOSK-OEM-EQ.jpg
SKPO-101	iso	https://zwtnpyjifbdytlektxlc.supabase.co/storage/v1/object/public/loto-photos/SKPO-176-IP.jpg
SKPO-102	equip	https://zwtnpyjifbdytlektxlc.supabase.co/storage/v1/object/public/loto-photos/SKPO-101-NPOSK-OEM-EQ.jpg
SKPO-102	iso	https://zwtnpyjifbdytlektxlc.supabase.co/storage/v1/object/public/loto-photos/SKPO-176-IP.jpg
SKPO-103	equip	https://zwtnpyjifbdytlektxlc.supabase.co/storage/v1/object/public/loto-photos/SKPO-101-NPOSK-OEM-EQ.jpg
SKPO-103	iso	https://zwtnpyjifbdytlektxlc.supabase.co/storage/v1/object/public/loto-photos/SKPO-176-IP.jpg
SKPO-104	equip	https://zwtnpyjifbdytlektxlc.supabase.co/storage/v1/object/public/loto-photos/SKPO-101-NPOSK-OEM-EQ.jpg
SKPO-104	iso	https://zwtnpyjifbdytlektxlc.supabase.co/storage/v1/object/public/loto-photos/SKPO-176-IP.jpg
SKPO-105	equip	https://zwtnpyjifbdytlektxlc.supabase.co/storage/v1/object/public/loto-photos/SKPO-101-NPOSK-OEM-EQ.jpg
SKPO-105	iso	https://zwtnpyjifbdytlektxlc.supabase.co/storage/v1/object/public/loto-photos/SKPO-176-IP.jpg
SKPO-106	equip	https://zwtnpyjifbdytlektxlc.supabase.co/storage/v1/object/public/loto-photos/SKPO-101-NPOSK-OEM-EQ.jpg
SKPO-106	iso	https://zwtnpyjifbdytlektxlc.supabase.co/storage/v1/object/public/loto-photos/SKPO-176-IP.jpg
SKPO-107	equip	https://zwtnpyjifbdytlektxlc.supabase.co/storage/v1/object/public/loto-photos/SKPO-101-NPOSK-OEM-EQ.jpg
SKPO-107	iso	https://zwtnpyjifbdytlektxlc.supabase.co/storage/v1/object/public/loto-photos/SKPO-176-IP.jpg
SKPO-108	equip	https://zwtnpyjifbdytlektxlc.supabase.co/storage/v1/object/public/loto-photos/SKPO-101-NPOSK-OEM-EQ.jpg
SKPO-108	iso	https://zwtnpyjifbdytlektxlc.supabase.co/storage/v1/object/public/loto-photos/SKPO-176-IP.jpg
SKPO-109	equip	https://zwtnpyjifbdytlektxlc.supabase.co/storage/v1/object/public/loto-photos/SKPO-101-NPOSK-OEM-EQ.jpg
SKPO-109	iso	https://zwtnpyjifbdytlektxlc.supabase.co/storage/v1/object/public/loto-photos/SKPO-176-IP.jpg
SKPO-110	equip	https://zwtnpyjifbdytlektxlc.supabase.co/storage/v1/object/public/loto-photos/SKPO-101-NPOSK-OEM-EQ.jpg
SKPO-110	iso	https://zwtnpyjifbdytlektxlc.supabase.co/storage/v1/object/public/loto-photos/SKPO-176-IP.jpg
SKPO-111	equip	https://zwtnpyjifbdytlektxlc.supabase.co/storage/v1/object/public/loto-photos/SKPO-101-NPOSK-OEM-EQ.jpg
SKPO-111	iso	https://zwtnpyjifbdytlektxlc.supabase.co/storage/v1/object/public/loto-photos/SKPO-176-IP.jpg
SKPO-112	equip	https://zwtnpyjifbdytlektxlc.supabase.co/storage/v1/object/public/loto-photos/SKPO-101-NPOSK-OEM-EQ.jpg
SKPO-112	iso	https://zwtnpyjifbdytlektxlc.supabase.co/storage/v1/object/public/loto-photos/SKPO-176-IP.jpg
SKPO-113	equip	https://zwtnpyjifbdytlektxlc.supabase.co/storage/v1/object/public/loto-photos/SKPO-101-NPOSK-OEM-EQ.jpg
SKPO-113	iso	https://zwtnpyjifbdytlektxlc.supabase.co/storage/v1/object/public/loto-photos/SKPO-176-IP.jpg
SKPO-114	equip	https://zwtnpyjifbdytlektxlc.supabase.co/storage/v1/object/public/loto-photos/SKPO-101-NPOSK-OEM-EQ.jpg
SKPO-114	iso	https://zwtnpyjifbdytlektxlc.supabase.co/storage/v1/object/public/loto-photos/SKPO-176-IP.jpg
SKPO-115	equip	https://zwtnpyjifbdytlektxlc.supabase.co/storage/v1/object/public/loto-photos/SKPO-101-NPOSK-OEM-EQ.jpg
SKPO-115	iso	https://zwtnpyjifbdytlektxlc.supabase.co/storage/v1/object/public/loto-photos/SKPO-176-IP.jpg
SKPO-116	equip	https://zwtnpyjifbdytlektxlc.supabase.co/storage/v1/object/public/loto-photos/SKPO-101-NPOSK-OEM-EQ.jpg
SKPO-116	iso	https://zwtnpyjifbdytlektxlc.supabase.co/storage/v1/object/public/loto-photos/SKPO-176-IP.jpg
SKPO-117	equip	https://zwtnpyjifbdytlektxlc.supabase.co/storage/v1/object/public/loto-photos/SKPO-101-NPOSK-OEM-EQ.jpg
SKPO-117	iso	https://zwtnpyjifbdytlektxlc.supabase.co/storage/v1/object/public/loto-photos/SKPO-176-IP.jpg
SKPO-118	equip	https://zwtnpyjifbdytlektxlc.supabase.co/storage/v1/object/public/loto-photos/SKPO-101-NPOSK-OEM-EQ.jpg
SKPO-118	iso	https://zwtnpyjifbdytlektxlc.supabase.co/storage/v1/object/public/loto-photos/SKPO-176-IP.jpg
SKPO-119	equip	https://zwtnpyjifbdytlektxlc.supabase.co/storage/v1/object/public/loto-photos/SKPO-101-NPOSK-OEM-EQ.jpg
SKPO-119	iso	https://zwtnpyjifbdytlektxlc.supabase.co/storage/v1/object/public/loto-photos/SKPO-176-IP.jpg
SKPO-179	equip	https://zwtnpyjifbdytlektxlc.supabase.co/storage/v1/object/public/loto-photos/SKPO-179-HEATCONTROL-OEM-EQ.jpg
SKPO-179	iso	https://zwtnpyjifbdytlektxlc.supabase.co/storage/v1/object/public/loto-photos/SKPO-179-HEATCONTROL-OEM-IP.jpg
SKPO-181	equip	https://zwtnpyjifbdytlektxlc.supabase.co/storage/v1/object/public/loto-photos/SKCC-CONV-EQ.jpg
SKPO-181	iso	https://zwtnpyjifbdytlektxlc.supabase.co/storage/v1/object/public/loto-photos/SKCC-CONV-IP.jpg
SKPO-183	equip	https://zwtnpyjifbdytlektxlc.supabase.co/storage/v1/object/public/loto-photos/SKT1-MARION-MIXER-EQ.jpg
SKPO-183	iso	https://zwtnpyjifbdytlektxlc.supabase.co/storage/v1/object/public/loto-photos/SKPO-183-IP.jpg
SKT1-200	equip	https://zwtnpyjifbdytlektxlc.supabase.co/storage/v1/object/public/loto-photos/ae3f1973-4c3e-4b6e-b91f-9de5ff10529e/SKT1-200/SKT1-200_EQUIP_v2.jpg
SKT1-200	iso	https://zwtnpyjifbdytlektxlc.supabase.co/storage/v1/object/public/loto-photos/SKT-CONV-IP-2.jpg
SKT1-210	equip	https://zwtnpyjifbdytlektxlc.supabase.co/storage/v1/object/public/loto-photos/SKT1-210/SKT1-210_EQUIP_2026-04-20T22-23-07Z.jpg
SKT1-210	iso	https://zwtnpyjifbdytlektxlc.supabase.co/storage/v1/object/public/loto-photos/SKT1-210/SKT1-210_ISO_2026-04-20T22-23-09Z.jpg
SKT1-220	equip	https://zwtnpyjifbdytlektxlc.supabase.co/storage/v1/object/public/loto-photos/SKT1-MIXER-EQ.jpg
SKT1-220	iso	https://zwtnpyjifbdytlektxlc.supabase.co/storage/v1/object/public/loto-photos/SKT1-MIXER-IP.jpg
SKT1-230	equip	https://zwtnpyjifbdytlektxlc.supabase.co/storage/v1/object/public/loto-photos/ae3f1973-4c3e-4b6e-b91f-9de5ff10529e/SKT1-230/SKT1-230_EQUIP_v2.jpg
SKT1-230	iso	https://zwtnpyjifbdytlektxlc.supabase.co/storage/v1/object/public/loto-photos/SKT1-230/SKT1-230_ISO_2026-04-20T22-26-58Z.jpg
SKT1-240	equip	https://zwtnpyjifbdytlektxlc.supabase.co/storage/v1/object/public/loto-photos/ae3f1973-4c3e-4b6e-b91f-9de5ff10529e/SKT1-240/SKT1-240_EQUIP_v2.jpg
SKT1-240	iso	https://zwtnpyjifbdytlektxlc.supabase.co/storage/v1/object/public/loto-photos/SKT-CONV-IP-2.jpg
SKT1-250	equip	https://zwtnpyjifbdytlektxlc.supabase.co/storage/v1/object/public/loto-photos/SKT-CONV-EQ-2.jpg
SKT1-250	iso	https://zwtnpyjifbdytlektxlc.supabase.co/storage/v1/object/public/loto-photos/SKT-CONV-IP-2.jpg
SKT1-252	equip	https://zwtnpyjifbdytlektxlc.supabase.co/storage/v1/object/public/loto-photos/SKT-CONV-EQ-2.jpg
SKT1-252	iso	https://zwtnpyjifbdytlektxlc.supabase.co/storage/v1/object/public/loto-photos/SKT-CONV-IP-2.jpg
SKT1-255	equip	https://zwtnpyjifbdytlektxlc.supabase.co/storage/v1/object/public/loto-photos/SKT-CONV-EQ-2.jpg
SKT1-255	iso	https://zwtnpyjifbdytlektxlc.supabase.co/storage/v1/object/public/loto-photos/SKT-CONV-IP-2.jpg
SKT1-260	equip	https://zwtnpyjifbdytlektxlc.supabase.co/storage/v1/object/public/loto-photos/ae3f1973-4c3e-4b6e-b91f-9de5ff10529e/SKT1-260/SKT1-260_EQUIP_v2.jpg
SKT1-260	iso	https://zwtnpyjifbdytlektxlc.supabase.co/storage/v1/object/public/loto-photos/SKT-CONV-IP-2.jpg
SKT1-270	equip	https://zwtnpyjifbdytlektxlc.supabase.co/storage/v1/object/public/loto-photos/ae3f1973-4c3e-4b6e-b91f-9de5ff10529e/SKT1-270/SKT1-270_EQUIP_v2.jpg
SKT1-270	iso	https://zwtnpyjifbdytlektxlc.supabase.co/storage/v1/object/public/loto-photos/SKT-CONV-IP-2.jpg
SKT1-280	equip	https://zwtnpyjifbdytlektxlc.supabase.co/storage/v1/object/public/loto-photos/SKT-CONV-EQ-2.jpg
SKT1-280	iso	https://zwtnpyjifbdytlektxlc.supabase.co/storage/v1/object/public/loto-photos/ae3f1973-4c3e-4b6e-b91f-9de5ff10529e/SKT1-280/SKT1-280_ISO_v2.jpg
SKT1-500	equip	https://zwtnpyjifbdytlektxlc.supabase.co/storage/v1/object/public/loto-photos/SKT-OVEN-EQ-2.jpg
SKT1-500	iso	https://zwtnpyjifbdytlektxlc.supabase.co/storage/v1/object/public/loto-photos/SKT1-500/SKT1-500_ISO_2026-04-20T22-27-41Z.jpg
SKT1-510	equip	https://zwtnpyjifbdytlektxlc.supabase.co/storage/v1/object/public/loto-photos/SKT-OVEN-EQ-2.jpg
SKT1-510	iso	https://zwtnpyjifbdytlektxlc.supabase.co/storage/v1/object/public/loto-photos/SKT1-510/SKT1-510_ISO_2026-04-20T22-28-51Z.jpg
SKT1-520	equip	https://zwtnpyjifbdytlektxlc.supabase.co/storage/v1/object/public/loto-photos/SKT1-520/SKT1-520_EQUIP_2026-04-20T22-29-28Z.jpg
SKT1-520	iso	https://zwtnpyjifbdytlektxlc.supabase.co/storage/v1/object/public/loto-photos/SKT1-520/SKT1-520_ISO_2026-04-20T22-29-29Z.jpg
SKT1-530	equip	https://zwtnpyjifbdytlektxlc.supabase.co/storage/v1/object/public/loto-photos/ae3f1973-4c3e-4b6e-b91f-9de5ff10529e/SKT1-530/SKT1-530_EQUIP_v2.jpg
SKT1-530	iso	https://zwtnpyjifbdytlektxlc.supabase.co/storage/v1/object/public/loto-photos/SKT-CONV-IP-2.jpg
SKT1-540	equip	https://zwtnpyjifbdytlektxlc.supabase.co/storage/v1/object/public/loto-photos/SKCC-FRYER-EQ.jpg
SKT1-540	iso	https://zwtnpyjifbdytlektxlc.supabase.co/storage/v1/object/public/loto-photos/ae3f1973-4c3e-4b6e-b91f-9de5ff10529e/SKT1-540/SKT1-540_ISO_v2.jpg
SKT1-550	equip	https://zwtnpyjifbdytlektxlc.supabase.co/storage/v1/object/public/loto-photos/SKCC-FRYER-EQ.jpg
SKT1-550	iso	https://zwtnpyjifbdytlektxlc.supabase.co/storage/v1/object/public/loto-photos/SKCC-FRYER-IP.jpg
SKT1-560	equip	https://zwtnpyjifbdytlektxlc.supabase.co/storage/v1/object/public/loto-photos/SKCC-FRYER-EQ.jpg
SKT1-560	iso	https://zwtnpyjifbdytlektxlc.supabase.co/storage/v1/object/public/loto-photos/SKCC-FRYER-IP.jpg
SKT1-570	equip	https://zwtnpyjifbdytlektxlc.supabase.co/storage/v1/object/public/loto-photos/ae3f1973-4c3e-4b6e-b91f-9de5ff10529e/SKT1-570/SKT1-570_EQUIP_v2.jpg
SKT1-570	iso	https://zwtnpyjifbdytlektxlc.supabase.co/storage/v1/object/public/loto-photos/SKCC-FRYER-IP.jpg
SKT1-700	equip	https://zwtnpyjifbdytlektxlc.supabase.co/storage/v1/object/public/loto-photos/SKT-CONV-EQ-2.jpg
SKT1-700	iso	https://zwtnpyjifbdytlektxlc.supabase.co/storage/v1/object/public/loto-photos/SKT-CONV-IP-2.jpg
SKT1-710	equip	https://zwtnpyjifbdytlektxlc.supabase.co/storage/v1/object/public/loto-photos/SKT-CONV-EQ-2.jpg
SKT1-710	iso	https://zwtnpyjifbdytlektxlc.supabase.co/storage/v1/object/public/loto-photos/SKT-CONV-IP-2.jpg
SKT1-720	equip	https://zwtnpyjifbdytlektxlc.supabase.co/storage/v1/object/public/loto-photos/SKT-CONV-EQ-2.jpg
SKT1-720	iso	https://zwtnpyjifbdytlektxlc.supabase.co/storage/v1/object/public/loto-photos/SKT-CONV-IP-2.jpg
SKT1-730	equip	https://zwtnpyjifbdytlektxlc.supabase.co/storage/v1/object/public/loto-photos/SKT-CONV-EQ-2.jpg
SKT1-730	iso	https://zwtnpyjifbdytlektxlc.supabase.co/storage/v1/object/public/loto-photos/SKT-CONV-IP-2.jpg
SKT1-740	equip	https://zwtnpyjifbdytlektxlc.supabase.co/storage/v1/object/public/loto-photos/SKT-CONV-EQ-2.jpg
SKT1-740	iso	https://zwtnpyjifbdytlektxlc.supabase.co/storage/v1/object/public/loto-photos/SKT-CONV-IP-2.jpg
SKT1-750	equip	https://zwtnpyjifbdytlektxlc.supabase.co/storage/v1/object/public/loto-photos/SKT-CONV-EQ-2.jpg
SKT1-750	iso	https://zwtnpyjifbdytlektxlc.supabase.co/storage/v1/object/public/loto-photos/SKT-CONV-IP-2.jpg
SKT1-760	equip	https://zwtnpyjifbdytlektxlc.supabase.co/storage/v1/object/public/loto-photos/SKT-CONV-EQ-2.jpg
SKT1-760	iso	https://zwtnpyjifbdytlektxlc.supabase.co/storage/v1/object/public/loto-photos/SKT-CONV-IP-2.jpg
SKT1-770	equip	https://zwtnpyjifbdytlektxlc.supabase.co/storage/v1/object/public/loto-photos/SKT-CONV-EQ-2.jpg
SKT1-770	iso	https://zwtnpyjifbdytlektxlc.supabase.co/storage/v1/object/public/loto-photos/SKT-CONV-IP-2.jpg
SKT1-780	equip	https://zwtnpyjifbdytlektxlc.supabase.co/storage/v1/object/public/loto-photos/SKT-CONV-EQ-2.jpg
SKT1-780	iso	https://zwtnpyjifbdytlektxlc.supabase.co/storage/v1/object/public/loto-photos/SKT-CONV-IP-2.jpg
SKT1-800	equip	https://zwtnpyjifbdytlektxlc.supabase.co/storage/v1/object/public/loto-photos/SKT-CONV-EQ-2.jpg
SKT1-800	iso	https://zwtnpyjifbdytlektxlc.supabase.co/storage/v1/object/public/loto-photos/SKT-CONV-IP-2.jpg
SKT1-810	equip	https://zwtnpyjifbdytlektxlc.supabase.co/storage/v1/object/public/loto-photos/SKT-CONV-EQ-2.jpg
SKT1-810	iso	https://zwtnpyjifbdytlektxlc.supabase.co/storage/v1/object/public/loto-photos/SKT-CONV-IP-2.jpg
SKT1-820	equip	https://zwtnpyjifbdytlektxlc.supabase.co/storage/v1/object/public/loto-photos/SKT-CONV-EQ-2.jpg
SKT1-820	iso	https://zwtnpyjifbdytlektxlc.supabase.co/storage/v1/object/public/loto-photos/SKT-CONV-IP-2.jpg
SKT1-830	equip	https://zwtnpyjifbdytlektxlc.supabase.co/storage/v1/object/public/loto-photos/SKT-CONV-EQ-2.jpg
SKT1-830	iso	https://zwtnpyjifbdytlektxlc.supabase.co/storage/v1/object/public/loto-photos/SKT-CONV-IP-2.jpg
SKT1-840	equip	https://zwtnpyjifbdytlektxlc.supabase.co/storage/v1/object/public/loto-photos/SKT-CONV-EQ-2.jpg
SKT1-840	iso	https://zwtnpyjifbdytlektxlc.supabase.co/storage/v1/object/public/loto-photos/SKT-CONV-IP-2.jpg
SKT1-850	equip	https://zwtnpyjifbdytlektxlc.supabase.co/storage/v1/object/public/loto-photos/SKT-CONV-EQ-2.jpg
SKT1-850	iso	https://zwtnpyjifbdytlektxlc.supabase.co/storage/v1/object/public/loto-photos/SKT-CONV-IP-2.jpg
SKT1-860	equip	https://zwtnpyjifbdytlektxlc.supabase.co/storage/v1/object/public/loto-photos/SKT-CONV-EQ-2.jpg
SKT1-860	iso	https://zwtnpyjifbdytlektxlc.supabase.co/storage/v1/object/public/loto-photos/SKT-CONV-IP-2.jpg
SKT1-870	equip	https://zwtnpyjifbdytlektxlc.supabase.co/storage/v1/object/public/loto-photos/SKT-CONV-EQ-2.jpg
SKT1-870	iso	https://zwtnpyjifbdytlektxlc.supabase.co/storage/v1/object/public/loto-photos/SKT-CONV-IP-2.jpg
SKT1-880	equip	https://zwtnpyjifbdytlektxlc.supabase.co/storage/v1/object/public/loto-photos/ae3f1973-4c3e-4b6e-b91f-9de5ff10529e/SKT1-880/SKT1-880_EQUIP_v2.jpg
SKT1-880	iso	https://zwtnpyjifbdytlektxlc.supabase.co/storage/v1/object/public/loto-photos/SKT-CONV-IP-2.jpg
SKT1-890	equip	https://zwtnpyjifbdytlektxlc.supabase.co/storage/v1/object/public/loto-photos/SKT-CONV-EQ-2.jpg
SKT1-890	iso	https://zwtnpyjifbdytlektxlc.supabase.co/storage/v1/object/public/loto-photos/SKT-CONV-IP-2.jpg
SKT1-900	equip	https://zwtnpyjifbdytlektxlc.supabase.co/storage/v1/object/public/loto-photos/SKT-CONV-EQ-2.jpg
SKT1-900	iso	https://zwtnpyjifbdytlektxlc.supabase.co/storage/v1/object/public/loto-photos/SKT-CONV-IP-2.jpg
SKT1-910	equip	https://zwtnpyjifbdytlektxlc.supabase.co/storage/v1/object/public/loto-photos/SKT-CONV-EQ-2.jpg
SKT1-910	iso	https://zwtnpyjifbdytlektxlc.supabase.co/storage/v1/object/public/loto-photos/SKT-CONV-IP-2.jpg
SKT2-210	equip	https://zwtnpyjifbdytlektxlc.supabase.co/storage/v1/object/public/loto-photos/SKT-CONV-EQ-2.jpg
SKT2-210	iso	https://zwtnpyjifbdytlektxlc.supabase.co/storage/v1/object/public/loto-photos/SKT-CONV-IP-2.jpg
SKT2-220	equip	https://zwtnpyjifbdytlektxlc.supabase.co/storage/v1/object/public/loto-photos/SKT-CONV-EQ-2.jpg
SKT2-220	iso	https://zwtnpyjifbdytlektxlc.supabase.co/storage/v1/object/public/loto-photos/SKT-CONV-IP-2.jpg
SKT2-220-1	equip	https://zwtnpyjifbdytlektxlc.supabase.co/storage/v1/object/public/loto-photos/SKT2-MIXER-EQ.jpg
SKT2-220-1	iso	https://zwtnpyjifbdytlektxlc.supabase.co/storage/v1/object/public/loto-photos/302-MX-1-IP.jpg
SKT2-230	equip	https://zwtnpyjifbdytlektxlc.supabase.co/storage/v1/object/public/loto-photos/SKT2-MIXER-EQ.jpg
SKT2-230	iso	https://zwtnpyjifbdytlektxlc.supabase.co/storage/v1/object/public/loto-photos/302-MX-1-IP.jpg
SKT2-240	equip	https://zwtnpyjifbdytlektxlc.supabase.co/storage/v1/object/public/loto-photos/SKT2-MIXER-EQ.jpg
SKT2-240	iso	https://zwtnpyjifbdytlektxlc.supabase.co/storage/v1/object/public/loto-photos/302-MX-1-IP.jpg
SKT2-250	equip	https://zwtnpyjifbdytlektxlc.supabase.co/storage/v1/object/public/loto-photos/SKT-CONV-EQ-2.jpg
SKT2-250	iso	https://zwtnpyjifbdytlektxlc.supabase.co/storage/v1/object/public/loto-photos/SKT-CONV-IP-2.jpg
SKT2-260	equip	https://zwtnpyjifbdytlektxlc.supabase.co/storage/v1/object/public/loto-photos/SKT-CONV-EQ-2.jpg
SKT2-260	iso	https://zwtnpyjifbdytlektxlc.supabase.co/storage/v1/object/public/loto-photos/SKT-CONV-IP-2.jpg
SKT2-270	equip	https://zwtnpyjifbdytlektxlc.supabase.co/storage/v1/object/public/loto-photos/SKT-CONV-EQ-2.jpg
SKT2-270	iso	https://zwtnpyjifbdytlektxlc.supabase.co/storage/v1/object/public/loto-photos/SKT-CONV-IP-2.jpg
SKT2-280	equip	https://zwtnpyjifbdytlektxlc.supabase.co/storage/v1/object/public/loto-photos/SKT-CONV-EQ-2.jpg
SKT2-280	iso	https://zwtnpyjifbdytlektxlc.supabase.co/storage/v1/object/public/loto-photos/SKT-CONV-IP-2.jpg
SKT2-290	equip	https://zwtnpyjifbdytlektxlc.supabase.co/storage/v1/object/public/loto-photos/SKT-CONV-EQ-2.jpg
SKT2-290	iso	https://zwtnpyjifbdytlektxlc.supabase.co/storage/v1/object/public/loto-photos/SKT-CONV-IP-2.jpg
SKT2-300	equip	https://zwtnpyjifbdytlektxlc.supabase.co/storage/v1/object/public/loto-photos/SKT-CONV-EQ-2.jpg
SKT2-300	iso	https://zwtnpyjifbdytlektxlc.supabase.co/storage/v1/object/public/loto-photos/SKT-CONV-IP-2.jpg
SKT2-350	equip	https://zwtnpyjifbdytlektxlc.supabase.co/storage/v1/object/public/loto-photos/SKT-CONV-EQ-2.jpg
SKT2-350	iso	https://zwtnpyjifbdytlektxlc.supabase.co/storage/v1/object/public/loto-photos/SKT-CONV-IP-2.jpg
SKT2-400	equip	https://zwtnpyjifbdytlektxlc.supabase.co/storage/v1/object/public/loto-photos/SKT-CONV-EQ-2.jpg
SKT2-400	iso	https://zwtnpyjifbdytlektxlc.supabase.co/storage/v1/object/public/loto-photos/SKT-CONV-IP-2.jpg
SKT2-500	equip	https://zwtnpyjifbdytlektxlc.supabase.co/storage/v1/object/public/loto-photos/SKT2-500-MARLEN-OEM-EQ-v2.jpg
SKT2-500	iso	https://zwtnpyjifbdytlektxlc.supabase.co/storage/v1/object/public/loto-photos/SKT2-500-MARLEN-OEM-IP.jpg
SKT2-510	equip	https://zwtnpyjifbdytlektxlc.supabase.co/storage/v1/object/public/loto-photos/SKT-OVEN-EQ-2.jpg
SKT2-510	iso	https://zwtnpyjifbdytlektxlc.supabase.co/storage/v1/object/public/loto-photos/SKT-OVEN-IP-2.jpg
SKT2-520	equip	https://zwtnpyjifbdytlektxlc.supabase.co/storage/v1/object/public/loto-photos/SKT-CONV-EQ-2.jpg
SKT2-520	iso	https://zwtnpyjifbdytlektxlc.supabase.co/storage/v1/object/public/loto-photos/SKT-CONV-IP-2.jpg
SKT2-530	equip	https://zwtnpyjifbdytlektxlc.supabase.co/storage/v1/object/public/loto-photos/SKT-CONV-EQ-2.jpg
SKT2-530	iso	https://zwtnpyjifbdytlektxlc.supabase.co/storage/v1/object/public/loto-photos/SKT-CONV-IP-2.jpg
SKT2-540	equip	https://zwtnpyjifbdytlektxlc.supabase.co/storage/v1/object/public/loto-photos/SKT-CONV-EQ-2.jpg
SKT2-540	iso	https://zwtnpyjifbdytlektxlc.supabase.co/storage/v1/object/public/loto-photos/SKT-CONV-IP-2.jpg
SKT2-550	equip	https://zwtnpyjifbdytlektxlc.supabase.co/storage/v1/object/public/loto-photos/SKT-CONV-EQ-2.jpg
SKT2-550	iso	https://zwtnpyjifbdytlektxlc.supabase.co/storage/v1/object/public/loto-photos/SKT-CONV-IP-2.jpg
SKT2-560	equip	https://zwtnpyjifbdytlektxlc.supabase.co/storage/v1/object/public/loto-photos/SKT-CONV-EQ-2.jpg
SKT2-560	iso	https://zwtnpyjifbdytlektxlc.supabase.co/storage/v1/object/public/loto-photos/SKT-CONV-IP-2.jpg
SKT2-570	equip	https://zwtnpyjifbdytlektxlc.supabase.co/storage/v1/object/public/loto-photos/SKT-CONV-EQ-2.jpg
SKT2-570	iso	https://zwtnpyjifbdytlektxlc.supabase.co/storage/v1/object/public/loto-photos/SKT-CONV-IP-2.jpg
SKT2-580	equip	https://zwtnpyjifbdytlektxlc.supabase.co/storage/v1/object/public/loto-photos/SKCC-FRYER-EQ.jpg
SKT2-580	iso	https://zwtnpyjifbdytlektxlc.supabase.co/storage/v1/object/public/loto-photos/SKCC-FRYER-IP.jpg
SKT2-590	equip	https://zwtnpyjifbdytlektxlc.supabase.co/storage/v1/object/public/loto-photos/SKCC-FRYER-EQ.jpg
SKT2-590	iso	https://zwtnpyjifbdytlektxlc.supabase.co/storage/v1/object/public/loto-photos/SKCC-FRYER-IP.jpg
SKT2-600	equip	https://zwtnpyjifbdytlektxlc.supabase.co/storage/v1/object/public/loto-photos/SKCC-FRYER-EQ.jpg
SKT2-600	iso	https://zwtnpyjifbdytlektxlc.supabase.co/storage/v1/object/public/loto-photos/SKCC-FRYER-IP.jpg
SKT2-610	equip	https://zwtnpyjifbdytlektxlc.supabase.co/storage/v1/object/public/loto-photos/SKCC-FRYER-EQ.jpg
SKT2-610	iso	https://zwtnpyjifbdytlektxlc.supabase.co/storage/v1/object/public/loto-photos/SKCC-FRYER-IP.jpg
SKT2-620	equip	https://zwtnpyjifbdytlektxlc.supabase.co/storage/v1/object/public/loto-photos/SKT-CONV-EQ-2.jpg
SKT2-620	iso	https://zwtnpyjifbdytlektxlc.supabase.co/storage/v1/object/public/loto-photos/SKT-CONV-IP-2.jpg
SKT2-820	equip	https://zwtnpyjifbdytlektxlc.supabase.co/storage/v1/object/public/loto-photos/SKT-CONV-EQ-2.jpg
SKT2-820	iso	https://zwtnpyjifbdytlektxlc.supabase.co/storage/v1/object/public/loto-photos/SKT-CONV-IP-2.jpg
SKT2-830	equip	https://zwtnpyjifbdytlektxlc.supabase.co/storage/v1/object/public/loto-photos/SKT-CONV-EQ-2.jpg
SKT2-830	iso	https://zwtnpyjifbdytlektxlc.supabase.co/storage/v1/object/public/loto-photos/SKT-CONV-IP-2.jpg
SKT2-860	equip	https://zwtnpyjifbdytlektxlc.supabase.co/storage/v1/object/public/loto-photos/SKT-CONV-EQ-2.jpg
SKT2-860	iso	https://zwtnpyjifbdytlektxlc.supabase.co/storage/v1/object/public/loto-photos/SKT-CONV-IP-2.jpg
SKT2-900	equip	https://zwtnpyjifbdytlektxlc.supabase.co/storage/v1/object/public/loto-photos/SKT-CONV-EQ-2.jpg
SKT2-900	iso	https://zwtnpyjifbdytlektxlc.supabase.co/storage/v1/object/public/loto-photos/SKT-CONV-IP-2.jpg
SNK-601	equip	https://zwtnpyjifbdytlektxlc.supabase.co/storage/v1/object/public/loto-photos/ATLAS-SNK16-EQ-2.jpg
SNK-601	iso	https://zwtnpyjifbdytlektxlc.supabase.co/storage/v1/object/public/loto-photos/ae3f1973-4c3e-4b6e-b91f-9de5ff10529e/SNK-601/SNK-601_ISO_1778545374315.jpg
SNK-602	equip	https://zwtnpyjifbdytlektxlc.supabase.co/storage/v1/object/public/loto-photos/ATLAS-SNK16-EQ-2.jpg
SNK-602	iso	https://zwtnpyjifbdytlektxlc.supabase.co/storage/v1/object/public/loto-photos/ae3f1973-4c3e-4b6e-b91f-9de5ff10529e/SNK-602/SNK-602_ISO_1778545501781.jpg
SNK-603	equip	https://zwtnpyjifbdytlektxlc.supabase.co/storage/v1/object/public/loto-photos/ATLAS-SNK16-EQ-2.jpg
SNK-603	iso	https://zwtnpyjifbdytlektxlc.supabase.co/storage/v1/object/public/loto-photos/ae3f1973-4c3e-4b6e-b91f-9de5ff10529e/SNK-603/SNK-603_ISO_1778545581238.jpg
SNK-604	equip	https://zwtnpyjifbdytlektxlc.supabase.co/storage/v1/object/public/loto-photos/ATLAS-SNK16-EQ-2.jpg
SNK-604	iso	https://zwtnpyjifbdytlektxlc.supabase.co/storage/v1/object/public/loto-photos/ae3f1973-4c3e-4b6e-b91f-9de5ff10529e/SNK-604/SNK-604_ISO_1778545632745.jpg
SNK-605	equip	https://zwtnpyjifbdytlektxlc.supabase.co/storage/v1/object/public/loto-photos/ATLAS-SNK16-EQ-2.jpg
SNK-605	iso	https://zwtnpyjifbdytlektxlc.supabase.co/storage/v1/object/public/loto-photos/ae3f1973-4c3e-4b6e-b91f-9de5ff10529e/SNK-605/SNK-605_ISO_1778545648086.jpg
SNK-606	equip	https://zwtnpyjifbdytlektxlc.supabase.co/storage/v1/object/public/loto-photos/SNK-606-EQ.jpg
SNK-606	iso	https://zwtnpyjifbdytlektxlc.supabase.co/storage/v1/object/public/loto-photos/SNK-606-IP.jpg
SNK-607	equip	https://zwtnpyjifbdytlektxlc.supabase.co/storage/v1/object/public/loto-photos/ATLAS-SNK16-EQ-2.jpg
SNK-607	iso	https://zwtnpyjifbdytlektxlc.supabase.co/storage/v1/object/public/loto-photos/ae3f1973-4c3e-4b6e-b91f-9de5ff10529e/SNK-607/SNK-607_ISO_1778545703234.jpg
SNK-608	equip	https://zwtnpyjifbdytlektxlc.supabase.co/storage/v1/object/public/loto-photos/ATLAS-SNK16-EQ-2.jpg
SNK-608	iso	https://zwtnpyjifbdytlektxlc.supabase.co/storage/v1/object/public/loto-photos/ae3f1973-4c3e-4b6e-b91f-9de5ff10529e/SNK-608/SNK-608_ISO_1778545722050.jpg
SNK-609	equip	https://zwtnpyjifbdytlektxlc.supabase.co/storage/v1/object/public/loto-photos/ATLAS-SNK16-EQ-2.jpg
SNK-609	iso	https://zwtnpyjifbdytlektxlc.supabase.co/storage/v1/object/public/loto-photos/ae3f1973-4c3e-4b6e-b91f-9de5ff10529e/SNK-609/SNK-609_ISO_1778545738663.jpg
SNK-610	equip	https://zwtnpyjifbdytlektxlc.supabase.co/storage/v1/object/public/loto-photos/ATLAS-SNK16-EQ-2.jpg
SNK-610	iso	https://zwtnpyjifbdytlektxlc.supabase.co/storage/v1/object/public/loto-photos/ae3f1973-4c3e-4b6e-b91f-9de5ff10529e/SNK-610/SNK-610_ISO_1778545779227.jpg
SNK-610A	equip	https://zwtnpyjifbdytlektxlc.supabase.co/storage/v1/object/public/loto-photos/ATLAS-SNK16-EQ-2.jpg
SNK-610A	iso	https://zwtnpyjifbdytlektxlc.supabase.co/storage/v1/object/public/loto-photos/ae3f1973-4c3e-4b6e-b91f-9de5ff10529e/SNK-610A/SNK-610A_ISO_1778545806893.jpg
SNK-611	equip	https://zwtnpyjifbdytlektxlc.supabase.co/storage/v1/object/public/loto-photos/ATLAS-SNK16-EQ-2.jpg
SNK-611	iso	https://zwtnpyjifbdytlektxlc.supabase.co/storage/v1/object/public/loto-photos/ae3f1973-4c3e-4b6e-b91f-9de5ff10529e/SNK-611/SNK-611_ISO_1778545842530.jpg
SNK-612	equip	https://zwtnpyjifbdytlektxlc.supabase.co/storage/v1/object/public/loto-photos/ATLAS-SNK16-EQ-2.jpg
SNK-612	iso	https://zwtnpyjifbdytlektxlc.supabase.co/storage/v1/object/public/loto-photos/ae3f1973-4c3e-4b6e-b91f-9de5ff10529e/SNK-612/SNK-612_ISO_1778545883539.jpg
SNK-613	equip	https://zwtnpyjifbdytlektxlc.supabase.co/storage/v1/object/public/loto-photos/ATLAS-SNK16-EQ-2.jpg
SNK-613	iso	https://zwtnpyjifbdytlektxlc.supabase.co/storage/v1/object/public/loto-photos/ae3f1973-4c3e-4b6e-b91f-9de5ff10529e/SNK-613/SNK-613_ISO_1778545943774.jpg
SNK-614	equip	https://zwtnpyjifbdytlektxlc.supabase.co/storage/v1/object/public/loto-photos/ATLAS-SNK16-EQ-2.jpg
SNK-614	iso	https://zwtnpyjifbdytlektxlc.supabase.co/storage/v1/object/public/loto-photos/ae3f1973-4c3e-4b6e-b91f-9de5ff10529e/SNK-614/SNK-614_ISO_1778546035161.jpg
SNK-615	equip	https://zwtnpyjifbdytlektxlc.supabase.co/storage/v1/object/public/loto-photos/ATLAS-SNK16-EQ-2.jpg
SNK-615	iso	https://zwtnpyjifbdytlektxlc.supabase.co/storage/v1/object/public/loto-photos/ae3f1973-4c3e-4b6e-b91f-9de5ff10529e/SNK-615/SNK-615_ISO_1778546053116.jpg
SNK-616	equip	https://zwtnpyjifbdytlektxlc.supabase.co/storage/v1/object/public/loto-photos/ATLAS-SNK16-EQ-2.jpg
SNK-616	iso	https://zwtnpyjifbdytlektxlc.supabase.co/storage/v1/object/public/loto-photos/ae3f1973-4c3e-4b6e-b91f-9de5ff10529e/SNK-616/SNK-616_ISO_1778546076244.jpg
SNK-617	equip	https://zwtnpyjifbdytlektxlc.supabase.co/storage/v1/object/public/loto-photos/ATLAS-SNK16-EQ-2.jpg
SNK-617	iso	https://zwtnpyjifbdytlektxlc.supabase.co/storage/v1/object/public/loto-photos/ae3f1973-4c3e-4b6e-b91f-9de5ff10529e/SNK-617/SNK-617_ISO_1778546102117.jpg
SNK-618	equip	https://zwtnpyjifbdytlektxlc.supabase.co/storage/v1/object/public/loto-photos/ATLAS-SNK16-EQ-2.jpg
SNK-618	iso	https://zwtnpyjifbdytlektxlc.supabase.co/storage/v1/object/public/loto-photos/ae3f1973-4c3e-4b6e-b91f-9de5ff10529e/SNK-618/SNK-618_ISO_1778546124756.jpg
SNK-619	equip	https://zwtnpyjifbdytlektxlc.supabase.co/storage/v1/object/public/loto-photos/ATLAS-SNK16-EQ-2.jpg
SNK-619	iso	https://zwtnpyjifbdytlektxlc.supabase.co/storage/v1/object/public/loto-photos/ae3f1973-4c3e-4b6e-b91f-9de5ff10529e/SNK-619/SNK-619_ISO_1778546161836.jpg
SNK-620	equip	https://zwtnpyjifbdytlektxlc.supabase.co/storage/v1/object/public/loto-photos/ATLAS-SNK16-EQ-2.jpg
SNK-620	iso	https://zwtnpyjifbdytlektxlc.supabase.co/storage/v1/object/public/loto-photos/ae3f1973-4c3e-4b6e-b91f-9de5ff10529e/SNK-620/SNK-620_ISO_1778546202981.jpg
SNK-621	equip	https://zwtnpyjifbdytlektxlc.supabase.co/storage/v1/object/public/loto-photos/ATLAS-SNK16-EQ-2.jpg
SNK-621	iso	https://zwtnpyjifbdytlektxlc.supabase.co/storage/v1/object/public/loto-photos/ae3f1973-4c3e-4b6e-b91f-9de5ff10529e/SNK-621/SNK-621_ISO_1778546236410.jpg
SNK-622	equip	https://zwtnpyjifbdytlektxlc.supabase.co/storage/v1/object/public/loto-photos/MD14A_IMG_0503.jpg
SNK-622	iso	https://zwtnpyjifbdytlektxlc.supabase.co/storage/v1/object/public/loto-photos/MD14A_IMG_0504-IP.jpg
SNK-623	equip	https://zwtnpyjifbdytlektxlc.supabase.co/storage/v1/object/public/loto-photos/MD14A_IMG_0503.jpg
SNK-623	iso	https://zwtnpyjifbdytlektxlc.supabase.co/storage/v1/object/public/loto-photos/MD14A_IMG_0504-IP.jpg
SNK-624	equip	https://zwtnpyjifbdytlektxlc.supabase.co/storage/v1/object/public/loto-photos/MD14A_IMG_0503.jpg
SNK-624	iso	https://zwtnpyjifbdytlektxlc.supabase.co/storage/v1/object/public/loto-photos/MD14A_IMG_0504-IP.jpg
SNK-625	equip	https://zwtnpyjifbdytlektxlc.supabase.co/storage/v1/object/public/loto-photos/MD14A_IMG_0503.jpg
SNK-625	iso	https://zwtnpyjifbdytlektxlc.supabase.co/storage/v1/object/public/loto-photos/MD14A_IMG_0504-IP.jpg
SNK-626	equip	https://zwtnpyjifbdytlektxlc.supabase.co/storage/v1/object/public/loto-photos/MD14A_IMG_0503.jpg
SNK-626	iso	https://zwtnpyjifbdytlektxlc.supabase.co/storage/v1/object/public/loto-photos/MD14A_IMG_0504-IP.jpg
SNK-627	equip	https://zwtnpyjifbdytlektxlc.supabase.co/storage/v1/object/public/loto-photos/MD14A_IMG_0503.jpg
SNK-627	iso	https://zwtnpyjifbdytlektxlc.supabase.co/storage/v1/object/public/loto-photos/MD14A_IMG_0504-IP.jpg
SNK-628	equip	https://zwtnpyjifbdytlektxlc.supabase.co/storage/v1/object/public/loto-photos/MD14A_IMG_0503.jpg
SNK-628	iso	https://zwtnpyjifbdytlektxlc.supabase.co/storage/v1/object/public/loto-photos/MD14A_IMG_0504-IP.jpg
SNK-629	equip	https://zwtnpyjifbdytlektxlc.supabase.co/storage/v1/object/public/loto-photos/MD14A_IMG_0503.jpg
SNK-629	iso	https://zwtnpyjifbdytlektxlc.supabase.co/storage/v1/object/public/loto-photos/MD14A_IMG_0504-IP.jpg
SNK-630	equip	https://zwtnpyjifbdytlektxlc.supabase.co/storage/v1/object/public/loto-photos/MD14A_IMG_0503.jpg
SNK-630	iso	https://zwtnpyjifbdytlektxlc.supabase.co/storage/v1/object/public/loto-photos/MD14A_IMG_0504-IP.jpg
SNK-631	equip	https://zwtnpyjifbdytlektxlc.supabase.co/storage/v1/object/public/loto-photos/MD14A_IMG_0503.jpg
SNK-631	iso	https://zwtnpyjifbdytlektxlc.supabase.co/storage/v1/object/public/loto-photos/MD14A_IMG_0504-IP.jpg
SNK-631A	equip	https://zwtnpyjifbdytlektxlc.supabase.co/storage/v1/object/public/loto-photos/MD14A_IMG_0503.jpg
SNK-631A	iso	https://zwtnpyjifbdytlektxlc.supabase.co/storage/v1/object/public/loto-photos/MD14A_IMG_0504-IP.jpg
SNK-632	equip	https://zwtnpyjifbdytlektxlc.supabase.co/storage/v1/object/public/loto-photos/MD14A_IMG_0503.jpg
SNK-632	iso	https://zwtnpyjifbdytlektxlc.supabase.co/storage/v1/object/public/loto-photos/MD14A_IMG_0504-IP.jpg
SNK-633	equip	https://zwtnpyjifbdytlektxlc.supabase.co/storage/v1/object/public/loto-photos/MD14A_IMG_0503.jpg
SNK-633	iso	https://zwtnpyjifbdytlektxlc.supabase.co/storage/v1/object/public/loto-photos/MD14A_IMG_0504-IP.jpg
SNK-634	equip	https://zwtnpyjifbdytlektxlc.supabase.co/storage/v1/object/public/loto-photos/MD14A_IMG_0503.jpg
SNK-634	iso	https://zwtnpyjifbdytlektxlc.supabase.co/storage/v1/object/public/loto-photos/MD14A_IMG_0504-IP.jpg
SNK-635	equip	https://zwtnpyjifbdytlektxlc.supabase.co/storage/v1/object/public/loto-photos/MD14A_IMG_0503.jpg
SNK-635	iso	https://zwtnpyjifbdytlektxlc.supabase.co/storage/v1/object/public/loto-photos/MD14A_IMG_0504-IP.jpg
SNK-636	equip	https://zwtnpyjifbdytlektxlc.supabase.co/storage/v1/object/public/loto-photos/MD14A_IMG_0503.jpg
SNK-636	iso	https://zwtnpyjifbdytlektxlc.supabase.co/storage/v1/object/public/loto-photos/MD14A_IMG_0504-IP.jpg
SNK-637	equip	https://zwtnpyjifbdytlektxlc.supabase.co/storage/v1/object/public/loto-photos/MD14A_IMG_0503.jpg
SNK-637	iso	https://zwtnpyjifbdytlektxlc.supabase.co/storage/v1/object/public/loto-photos/MD14A_IMG_0504-IP.jpg
SNK-638	equip	https://zwtnpyjifbdytlektxlc.supabase.co/storage/v1/object/public/loto-photos/MD14A_IMG_0503.jpg
SNK-638	iso	https://zwtnpyjifbdytlektxlc.supabase.co/storage/v1/object/public/loto-photos/MD14A_IMG_0504-IP.jpg
SNK-639	equip	https://zwtnpyjifbdytlektxlc.supabase.co/storage/v1/object/public/loto-photos/MD14A_IMG_0503.jpg
SNK-639	iso	https://zwtnpyjifbdytlektxlc.supabase.co/storage/v1/object/public/loto-photos/MD14A_IMG_0504-IP.jpg
SNK-640	equip	https://zwtnpyjifbdytlektxlc.supabase.co/storage/v1/object/public/loto-photos/MD14A_IMG_0503.jpg
SNK-640	iso	https://zwtnpyjifbdytlektxlc.supabase.co/storage/v1/object/public/loto-photos/MD14A_IMG_0504-IP.jpg
SNK-641	equip	https://zwtnpyjifbdytlektxlc.supabase.co/storage/v1/object/public/loto-photos/MD14A_IMG_0503.jpg
SNK-641	iso	https://zwtnpyjifbdytlektxlc.supabase.co/storage/v1/object/public/loto-photos/MD14A_IMG_0504-IP.jpg
SNK-642	equip	https://zwtnpyjifbdytlektxlc.supabase.co/storage/v1/object/public/loto-photos/MD14A_IMG_0503.jpg
SNK-642	iso	https://zwtnpyjifbdytlektxlc.supabase.co/storage/v1/object/public/loto-photos/MD14A_IMG_0504-IP.jpg
USGN-100	equip	https://zwtnpyjifbdytlektxlc.supabase.co/storage/v1/object/public/loto-photos/SKCC-CONV-EQ.jpg
USGN-100	iso	https://zwtnpyjifbdytlektxlc.supabase.co/storage/v1/object/public/loto-photos/SKCC-CONV-IP.jpg
USGN-200	equip	https://zwtnpyjifbdytlektxlc.supabase.co/storage/v1/object/public/loto-photos/SKCC-CONV-EQ.jpg
USGN-200	iso	https://zwtnpyjifbdytlektxlc.supabase.co/storage/v1/object/public/loto-photos/SKCC-CONV-IP.jpg
USGN-300	equip	https://zwtnpyjifbdytlektxlc.supabase.co/storage/v1/object/public/loto-photos/SKCC-CONV-EQ.jpg
USGN-300	iso	https://zwtnpyjifbdytlektxlc.supabase.co/storage/v1/object/public/loto-photos/SKCC-CONV-IP.jpg
USGN-350	equip	https://zwtnpyjifbdytlektxlc.supabase.co/storage/v1/object/public/loto-photos/SKCC-580-EQ.jpg
USGN-350	iso	https://zwtnpyjifbdytlektxlc.supabase.co/storage/v1/object/public/loto-photos/SKCC-PUMP-IP.jpg
USGN-500	equip	https://zwtnpyjifbdytlektxlc.supabase.co/storage/v1/object/public/loto-photos/SKCC-FRYER-EQ.jpg
USGN-500	iso	https://zwtnpyjifbdytlektxlc.supabase.co/storage/v1/object/public/loto-photos/USGN-500-IP.jpg
USGN-520	equip	https://zwtnpyjifbdytlektxlc.supabase.co/storage/v1/object/public/loto-photos/SKCC-580-EQ.jpg
USGN-520	iso	https://zwtnpyjifbdytlektxlc.supabase.co/storage/v1/object/public/loto-photos/SKCC-PUMP-IP.jpg
USGN-530	equip	https://zwtnpyjifbdytlektxlc.supabase.co/storage/v1/object/public/loto-photos/SKCC-CONV-EQ.jpg
USGN-530	iso	https://zwtnpyjifbdytlektxlc.supabase.co/storage/v1/object/public/loto-photos/SKCC-CONV-IP.jpg
USGN-570	equip	https://zwtnpyjifbdytlektxlc.supabase.co/storage/v1/object/public/loto-photos/SKCC-FRYER-EQ.jpg
USGN-570	iso	https://zwtnpyjifbdytlektxlc.supabase.co/storage/v1/object/public/loto-photos/USGN-570-IP-4.jpg
USGN-580	equip	https://zwtnpyjifbdytlektxlc.supabase.co/storage/v1/object/public/loto-photos/SKCC-MIXKETTLE-EQ.jpg
USGN-580	iso	https://zwtnpyjifbdytlektxlc.supabase.co/storage/v1/object/public/loto-photos/SKCC-MAIN-IP.jpg
USGN-600	equip	https://zwtnpyjifbdytlektxlc.supabase.co/storage/v1/object/public/loto-photos/SKCC-CONV-EQ.jpg
USGN-600	iso	https://zwtnpyjifbdytlektxlc.supabase.co/storage/v1/object/public/loto-photos/SKCC-CONV-IP.jpg
USGN-650	equip	https://zwtnpyjifbdytlektxlc.supabase.co/storage/v1/object/public/loto-photos/SKCC-FASTBACK-EQ.jpg
USGN-650	iso	https://zwtnpyjifbdytlektxlc.supabase.co/storage/v1/object/public/loto-photos/SKCC-FASTBACK-IP.jpg
USGN-800	equip	https://zwtnpyjifbdytlektxlc.supabase.co/storage/v1/object/public/loto-photos/SKCC-SEASONER-EQ.jpg
USGN-800	iso	https://zwtnpyjifbdytlektxlc.supabase.co/storage/v1/object/public/loto-photos/SKCC-SEASONER-IP.jpg
USGN-820	equip	https://zwtnpyjifbdytlektxlc.supabase.co/storage/v1/object/public/loto-photos/JEGN-970-EQ.jpg
USGN-820	iso	https://zwtnpyjifbdytlektxlc.supabase.co/storage/v1/object/public/loto-photos/JEGN-940-IP.jpg
USGN-830	equip	https://zwtnpyjifbdytlektxlc.supabase.co/storage/v1/object/public/loto-photos/SKCC-CONV-EQ.jpg
USGN-830	iso	https://zwtnpyjifbdytlektxlc.supabase.co/storage/v1/object/public/loto-photos/SKCC-CONV-IP.jpg
USPK-101	equip	https://zwtnpyjifbdytlektxlc.supabase.co/storage/v1/object/public/loto-photos/USPK102-CASESEAL-EQ.jpg
USPK-101	iso	https://zwtnpyjifbdytlektxlc.supabase.co/storage/v1/object/public/loto-photos/USPK102-CASESEAL-IP.jpg
USPK-102	equip	https://zwtnpyjifbdytlektxlc.supabase.co/storage/v1/object/public/loto-photos/USPK102-CASESEAL-EQ.jpg
USPK-102	iso	https://zwtnpyjifbdytlektxlc.supabase.co/storage/v1/object/public/loto-photos/USPK102-CASESEAL-IP.jpg
USPK-103	equip	https://zwtnpyjifbdytlektxlc.supabase.co/storage/v1/object/public/loto-photos/USPK-103-EQ-2.jpg
USPK-103	iso	https://zwtnpyjifbdytlektxlc.supabase.co/storage/v1/object/public/loto-photos/USPK102-CASESEAL-IP.jpg
USPK-201	equip	https://zwtnpyjifbdytlektxlc.supabase.co/storage/v1/object/public/loto-photos/SKT-CONV-EQ-2.jpg
USPK-201	iso	https://zwtnpyjifbdytlektxlc.supabase.co/storage/v1/object/public/loto-photos/SKT-CONV-IP-2.jpg
USPK-202	equip	https://zwtnpyjifbdytlektxlc.supabase.co/storage/v1/object/public/loto-photos/SKT-CONV-EQ-2.jpg
USPK-202	iso	https://zwtnpyjifbdytlektxlc.supabase.co/storage/v1/object/public/loto-photos/SKT-CONV-IP-2.jpg
USPK-203	equip	https://zwtnpyjifbdytlektxlc.supabase.co/storage/v1/object/public/loto-photos/SKT-CONV-EQ-2.jpg
USPK-203	iso	https://zwtnpyjifbdytlektxlc.supabase.co/storage/v1/object/public/loto-photos/SKT-CONV-IP-2.jpg
USPK-401	equip	https://zwtnpyjifbdytlektxlc.supabase.co/storage/v1/object/public/loto-photos/SKAP-1501-EQ.jpg
USPK-401	iso	https://zwtnpyjifbdytlektxlc.supabase.co/storage/v1/object/public/loto-photos/SKAP-1501-IP.jpg
USPK-402	equip	https://zwtnpyjifbdytlektxlc.supabase.co/storage/v1/object/public/loto-photos/SKAP-1501-EQ.jpg
USPK-402	iso	https://zwtnpyjifbdytlektxlc.supabase.co/storage/v1/object/public/loto-photos/SKAP-1501-IP.jpg
USPK-403	equip	https://zwtnpyjifbdytlektxlc.supabase.co/storage/v1/object/public/loto-photos/SKAP-1501-EQ.jpg
USPK-403	iso	https://zwtnpyjifbdytlektxlc.supabase.co/storage/v1/object/public/loto-photos/SKAP-1501-IP.jpg
USPK-501	equip	https://zwtnpyjifbdytlektxlc.supabase.co/storage/v1/object/public/loto-photos/USPK-501-EQ.jpg
USPK-501	iso	https://zwtnpyjifbdytlektxlc.supabase.co/storage/v1/object/public/loto-photos/USPK-501-IP.jpg
USPK-510	equip	https://zwtnpyjifbdytlektxlc.supabase.co/storage/v1/object/public/loto-photos/MD14A_IMG_0503.jpg
USPK-510	iso	https://zwtnpyjifbdytlektxlc.supabase.co/storage/v1/object/public/loto-photos/MD14A_IMG_0504-IP.jpg
USPK-520	equip	https://zwtnpyjifbdytlektxlc.supabase.co/storage/v1/object/public/loto-photos/MD14A_IMG_0503.jpg
USPK-520	iso	https://zwtnpyjifbdytlektxlc.supabase.co/storage/v1/object/public/loto-photos/MD14A_IMG_0504-IP.jpg
USPK-530	equip	https://zwtnpyjifbdytlektxlc.supabase.co/storage/v1/object/public/loto-photos/MD14A_IMG_0503.jpg
USPK-530	iso	https://zwtnpyjifbdytlektxlc.supabase.co/storage/v1/object/public/loto-photos/MD14A_IMG_0504-IP.jpg
USPK-601	equip	https://zwtnpyjifbdytlektxlc.supabase.co/storage/v1/object/public/loto-photos/SKT-CONV-EQ-2.jpg
USPK-601	iso	https://zwtnpyjifbdytlektxlc.supabase.co/storage/v1/object/public/loto-photos/SKT-CONV-IP-2.jpg
USPK-602	equip	https://zwtnpyjifbdytlektxlc.supabase.co/storage/v1/object/public/loto-photos/SKT-CONV-EQ-2.jpg
USPK-602	iso	https://zwtnpyjifbdytlektxlc.supabase.co/storage/v1/object/public/loto-photos/SKT-CONV-IP-2.jpg
USPK-603	equip	https://zwtnpyjifbdytlektxlc.supabase.co/storage/v1/object/public/loto-photos/SKT-CONV-EQ-2.jpg
USPK-603	iso	https://zwtnpyjifbdytlektxlc.supabase.co/storage/v1/object/public/loto-photos/SKT-CONV-IP-2.jpg
USPK-700	equip	https://zwtnpyjifbdytlektxlc.supabase.co/storage/v1/object/public/loto-photos/USPK-700-EQ.jpg
USPK-700	iso	https://zwtnpyjifbdytlektxlc.supabase.co/storage/v1/object/public/loto-photos/SKT-OVEN-IP-2.jpg
USPK-840	equip	https://zwtnpyjifbdytlektxlc.supabase.co/storage/v1/object/public/loto-photos/USPK-840-EQ.jpg
USPK-840	iso	https://zwtnpyjifbdytlektxlc.supabase.co/storage/v1/object/public/loto-photos/SKCC-DISCONNECT-IP.jpg
USPK-850	equip	https://zwtnpyjifbdytlektxlc.supabase.co/storage/v1/object/public/loto-photos/USPK-840-EQ.jpg
USPK-850	iso	https://zwtnpyjifbdytlektxlc.supabase.co/storage/v1/object/public/loto-photos/SKCC-DISCONNECT-IP.jpg
USPK-860	equip	https://zwtnpyjifbdytlektxlc.supabase.co/storage/v1/object/public/loto-photos/USPK-840-EQ.jpg
USPK-860	iso	https://zwtnpyjifbdytlektxlc.supabase.co/storage/v1/object/public/loto-photos/SKCC-DISCONNECT-IP.jpg
USPK-870	equip	https://zwtnpyjifbdytlektxlc.supabase.co/storage/v1/object/public/loto-photos/SKT-CONV-EQ-2.jpg
USPK-870	iso	https://zwtnpyjifbdytlektxlc.supabase.co/storage/v1/object/public/loto-photos/SKT-CONV-IP-2.jpg
USPK-880	equip	https://zwtnpyjifbdytlektxlc.supabase.co/storage/v1/object/public/loto-photos/SKT-CONV-EQ-2.jpg
USPK-880	iso	https://zwtnpyjifbdytlektxlc.supabase.co/storage/v1/object/public/loto-photos/SKT-CONV-IP-2.jpg
USPK-890	equip	https://zwtnpyjifbdytlektxlc.supabase.co/storage/v1/object/public/loto-photos/SKT-CONV-EQ-2.jpg
USPK-890	iso	https://zwtnpyjifbdytlektxlc.supabase.co/storage/v1/object/public/loto-photos/SKT-CONV-IP-2.jpg
USPK-900	equip	https://zwtnpyjifbdytlektxlc.supabase.co/storage/v1/object/public/loto-photos/JEGN-970-EQ.jpg
USPK-900	iso	https://zwtnpyjifbdytlektxlc.supabase.co/storage/v1/object/public/loto-photos/JEGN-940-IP.jpg
USPK-910	equip	https://zwtnpyjifbdytlektxlc.supabase.co/storage/v1/object/public/loto-photos/JEGN-970-EQ.jpg
USPK-910	iso	https://zwtnpyjifbdytlektxlc.supabase.co/storage/v1/object/public/loto-photos/JEGN-940-IP.jpg
USPK-920	equip	https://zwtnpyjifbdytlektxlc.supabase.co/storage/v1/object/public/loto-photos/JEGN-970-EQ.jpg
USPK-920	iso	https://zwtnpyjifbdytlektxlc.supabase.co/storage/v1/object/public/loto-photos/JEGN-940-IP.jpg
USPK-930	equip	https://zwtnpyjifbdytlektxlc.supabase.co/storage/v1/object/public/loto-photos/USPK-930-ACRISON-OEM-EQ.jpg
USPK-930	iso	https://zwtnpyjifbdytlektxlc.supabase.co/storage/v1/object/public/loto-photos/USPK-930-ACRISON-OEM-IP.jpg
USPK-940	equip	https://zwtnpyjifbdytlektxlc.supabase.co/storage/v1/object/public/loto-photos/SKCC-SEASONER-EQ.jpg
USPK-940	iso	https://zwtnpyjifbdytlektxlc.supabase.co/storage/v1/object/public/loto-photos/SKCC-SEASONER-IP.jpg
USPK-950	equip	https://zwtnpyjifbdytlektxlc.supabase.co/storage/v1/object/public/loto-photos/SKCC-SEASONER-EQ.jpg
USPK-950	iso	https://zwtnpyjifbdytlektxlc.supabase.co/storage/v1/object/public/loto-photos/SKCC-SEASONER-IP.jpg
USPK-970	equip	https://zwtnpyjifbdytlektxlc.supabase.co/storage/v1/object/public/loto-photos/SKT-CONV-EQ-2.jpg
USPK-970	iso	https://zwtnpyjifbdytlektxlc.supabase.co/storage/v1/object/public/loto-photos/SKT-CONV-IP-2.jpg
USPK-980	equip	https://zwtnpyjifbdytlektxlc.supabase.co/storage/v1/object/public/loto-photos/ae3f1973-4c3e-4b6e-b91f-9de5ff10529e/USPK-980/USPK-980_EQUIP_v2.jpg
USPK-980	iso	https://zwtnpyjifbdytlektxlc.supabase.co/storage/v1/object/public/loto-photos/SKT-CONV-IP-2.jpg
USPK-990	equip	https://zwtnpyjifbdytlektxlc.supabase.co/storage/v1/object/public/loto-photos/SKT-CONV-EQ-2.jpg
USPK-990	iso	https://zwtnpyjifbdytlektxlc.supabase.co/storage/v1/object/public/loto-photos/SKT-CONV-IP-2.jpg
VRC #2	equip	https://zwtnpyjifbdytlektxlc.supabase.co/storage/v1/object/public/loto-photos/VRC-NERAK-EQ.jpg
VRC #2	iso	https://zwtnpyjifbdytlektxlc.supabase.co/storage/v1/object/public/loto-photos/VRC-EQ.jpg
VRC #4	equip	https://zwtnpyjifbdytlektxlc.supabase.co/storage/v1/object/public/loto-photos/VRC-NERAK-EQ-2.jpg
VRC #4	iso	https://zwtnpyjifbdytlektxlc.supabase.co/storage/v1/object/public/loto-photos/VRC-EQ.jpg
